team,G,Pts,TotalYds,Ply,YdsPerPlay,TO,FL,FirstDowns,Cmp,Att,PassYds,TD,Int,NY/A,PassFirstDowns,RushAtt,RushYds,RushTD,Y/A,RushFirstDowns,Pen,PenYds,FirstDownByPen,ScorePct,TurnoverPct,EXP,year
Seattle Seahawks,16,28.3,369.7,63.8,5.8,1.06,0.44,22.6,19.2,29.6,216.1,1.56,0.63,6.9,12.0,32.4,153.6,1.81,4.7,8.88,5.88,52.9,1.69,38.9,8.1,3.04,2005
Indianapolis Colts,16,27.4,362.4,62.5,5.8,1.19,0.5,22.7,21.7,32.2,256.0,1.94,0.69,7.7,13.6,29.1,106.4,1.13,3.7,7.25,5.88,43.1,1.88,43.6,9.1,4.87,2005
New York Giants,16,26.4,361.7,65.9,5.5,1.56,0.5,19.5,18.4,34.9,223.6,1.5,1.06,6.1,10.8,29.3,138.1,1.06,4.7,6.63,8.94,69.7,2.13,37.8,11.4,-5.8,2005
Cincinnati Bengals,16,26.3,358.1,63.6,5.6,1.25,0.38,21.4,22.6,33.6,238.8,2.0,0.88,6.8,12.7,28.7,119.4,0.94,4.2,6.81,6.88,57.5,1.88,41.9,11.2,-3.89,2005
San Diego Chargers,16,26.1,347.9,63.9,5.4,1.75,0.75,21.1,21.1,32.9,218.4,1.69,1.0,6.3,11.9,29.1,129.5,1.38,4.5,7.25,6.88,55.6,1.88,39.3,13.5,-2.4,2005
Kansas City Chiefs,16,25.2,387.0,66.2,5.8,1.44,0.81,21.7,19.8,31.7,238.1,1.06,0.63,7.1,11.4,32.5,148.9,1.63,4.6,8.63,7.19,55.6,1.69,38.3,11.5,-0.94,2005
Denver Broncos,16,24.7,360.4,64.4,5.6,1.0,0.56,20.6,17.4,29.1,201.7,1.13,0.44,6.6,10.1,33.9,158.7,1.56,4.7,9.06,6.06,47.3,1.44,36.0,8.1,-3.28,2005
Carolina Panthers,16,24.4,309.4,60.3,5.1,1.63,0.63,17.4,16.8,28.1,204.4,1.56,1.0,6.9,9.81,30.4,104.9,1.06,3.4,5.13,5.69,45.8,2.44,35.8,12.6,-6.52,2005
Pittsburgh Steelers,16,24.3,321.8,60.0,5.4,1.44,0.56,18.6,14.3,23.7,182.9,1.31,0.88,7.1,9.0,34.3,138.9,1.31,4.0,7.5,6.19,54.8,2.06,36.1,10.9,-3.72,2005
New England Patriots,16,23.7,352.0,64.4,5.5,1.5,0.56,20.9,22.0,35.3,257.5,1.75,0.94,7.0,12.8,27.4,94.5,1.0,3.4,6.31,6.88,57.6,1.81,34.8,13.0,-5.62,2005
St. Louis Rams,16,22.7,348.2,64.1,5.4,2.31,0.81,19.6,24.5,37.4,252.3,1.44,1.5,6.3,13.1,23.8,95.9,0.81,4.0,5.13,8.19,58.8,1.44,32.3,18.5,-6.48,2005
Jacksonville Jaguars,16,22.6,321.8,63.8,5.0,1.06,0.69,18.8,17.7,30.4,199.4,1.31,0.38,6.1,10.6,31.4,122.4,1.13,3.9,6.06,7.56,62.9,2.13,32.1,8.3,-7.37,2005
Washington Redskins,16,22.4,330.6,64.8,5.1,1.69,1.0,18.8,17.4,30.1,194.1,1.56,0.69,6.1,10.4,32.8,136.4,0.94,4.2,7.13,6.75,57.8,1.31,29.7,13.0,-7.43,2005
Atlanta Falcons,16,21.9,326.6,63.8,5.1,1.81,1.0,19.6,15.4,28.2,167.4,1.19,0.81,5.5,9.31,33.2,159.1,1.06,4.8,8.69,7.13,65.2,1.56,31.6,13.2,-5.03,2005
Dallas Cowboys,16,20.3,325.1,66.9,4.9,1.94,0.88,19.9,18.8,31.3,208.8,1.44,1.06,6.1,11.1,32.6,116.3,0.81,3.6,6.06,6.19,46.2,2.75,28.9,15.5,-9.9,2005
Miami Dolphins,16,19.9,324.9,64.1,5.1,1.88,0.88,17.1,18.2,34.8,206.3,1.38,1.0,5.7,9.94,27.8,118.6,0.69,4.3,5.81,8.25,65.9,1.38,28.7,14.4,-10.21,2005
Arizona Cardinals,16,19.4,348.4,67.2,5.2,2.31,1.0,19.0,26.2,41.9,277.3,1.31,1.31,6.2,14.0,22.5,71.1,0.13,3.2,3.63,9.06,74.0,1.38,34.0,18.0,-10.97,2005
Philadelphia Eagles,16,19.4,319.3,64.2,5.0,2.13,0.88,17.6,21.1,38.8,229.8,1.31,1.25,5.6,11.4,22.8,89.5,0.69,3.9,4.56,8.38,70.6,1.69,24.8,14.7,-10.95,2005
Minnesota Vikings,16,19.1,288.3,59.1,4.9,1.88,0.88,17.8,20.2,31.9,196.6,1.13,1.0,5.6,10.6,23.8,91.7,0.63,3.9,5.19,8.0,63.3,2.06,27.9,14.2,-11.12,2005
Tampa Bay Buccaneers,16,18.8,294.8,61.6,4.8,1.44,0.56,16.8,18.9,30.4,180.6,1.06,0.88,5.5,10.1,28.6,114.1,0.81,4.0,5.19,8.19,67.8,1.5,27.4,11.6,-12.41,2005
Tennessee Titans,16,18.7,320.1,63.9,5.0,1.63,0.75,17.4,22.4,37.1,224.8,1.25,0.88,5.8,11.9,24.8,95.3,0.5,3.8,4.5,7.81,62.6,1.0,26.4,13.5,-15.17,2005
Green Bay Packers,16,18.6,319.9,65.7,4.9,2.81,0.94,19.9,23.9,39.1,235.4,1.25,1.88,5.8,12.9,24.9,84.5,0.69,3.4,4.75,7.44,57.4,2.25,27.0,22.2,-9.85,2005
Oakland Raiders,16,18.1,309.4,62.3,5.0,1.44,0.56,18.4,19.8,36.9,223.9,1.31,0.88,5.6,11.8,22.6,85.6,0.69,3.8,5.0,9.19,70.8,1.56,28.4,11.5,-9.2,2005
Buffalo Bills,16,16.9,257.6,58.1,4.4,1.63,0.63,16.2,16.8,28.7,157.2,1.13,1.0,5.0,8.06,26.8,100.4,0.38,3.8,6.0,7.5,56.1,2.13,29.9,14.1,-14.43,2005
Baltimore Ravens,16,16.6,293.3,66.0,4.4,2.25,0.94,17.9,20.9,35.1,193.0,1.06,1.31,5.1,10.2,28.3,100.3,0.31,3.6,6.06,8.69,66.7,1.63,27.2,18.3,-14.87,2005
Houston Texans,16,16.3,253.3,59.6,4.2,1.5,0.69,15.2,16.9,28.1,139.8,0.94,0.81,4.3,8.88,27.3,113.5,0.56,4.2,5.56,6.63,53.4,0.75,28.9,12.7,-12.89,2005
Chicago Bears,16,16.3,256.3,58.6,4.4,1.75,0.81,14.6,13.7,26.1,125.1,0.69,0.94,4.5,6.94,30.5,131.2,0.69,4.3,6.19,6.56,53.1,1.44,22.6,12.8,-16.11,2005
Detroit Lions,16,15.9,269.9,59.7,4.5,1.88,0.75,16.1,18.6,32.5,178.0,0.94,1.13,5.2,9.44,25.3,91.9,0.63,3.6,4.31,7.19,52.4,2.38,24.6,15.6,-11.71,2005
New York Jets,16,15.0,248.1,56.7,4.4,2.13,1.19,15.7,16.8,29.4,165.1,0.69,0.94,5.1,9.13,24.0,83.0,0.63,3.5,4.63,6.13,50.1,1.94,25.6,16.7,-11.58,2005
San Francisco 49ers,16,14.9,224.2,54.1,4.1,2.19,0.88,11.9,12.8,24.3,118.6,0.5,1.31,4.3,6.0,26.8,105.6,0.56,3.9,4.38,6.63,48.8,1.56,21.9,16.3,-17.38,2005
New Orleans Saints,16,14.7,314.4,63.6,4.9,2.69,1.19,19.5,19.3,34.6,208.9,0.94,1.5,5.6,11.4,26.4,105.5,0.5,4.0,5.56,8.44,70.6,2.56,26.4,20.3,-12.45,2005
Cleveland Browns,16,14.5,284.4,58.6,4.9,1.88,0.81,15.1,18.6,31.1,190.4,0.94,1.06,5.6,9.31,24.7,93.9,0.25,3.8,4.75,6.19,48.1,1.0,25.8,16.9,-14.65,2005
San Diego Chargers,16,30.8,365.0,63.5,5.7,0.94,0.38,20.1,17.9,29.1,203.9,1.5,0.56,6.6,10.6,32.6,161.1,2.0,4.9,8.56,5.63,49.4,0.94,43.2,6.8,-0.05,2006
Chicago Bears,16,26.7,324.9,65.1,5.0,2.25,0.88,18.8,17.6,32.1,205.1,1.5,1.38,6.1,10.1,31.4,119.9,0.88,3.8,6.44,7.0,57.7,2.25,34.8,15.9,-8.36,2006
Indianapolis Colts,16,26.7,379.4,63.2,6.0,1.19,0.63,23.5,22.6,34.8,269.3,1.94,0.56,7.5,15.1,27.4,110.1,1.06,4.0,7.0,5.38,44.9,1.44,47.4,10.9,1.67,2006
Dallas Cowboys,16,26.6,360.8,63.4,5.7,1.88,0.56,21.0,19.4,31.6,239.8,1.63,1.31,7.1,12.3,29.5,121.0,1.31,4.1,6.69,6.25,58.7,2.0,38.1,15.3,-2.2,2006
New Orleans Saints,16,25.8,391.5,67.2,5.8,1.44,0.63,20.6,23.3,36.3,281.4,1.69,0.81,7.5,12.9,29.5,110.1,1.19,3.7,6.19,4.94,37.3,1.5,36.8,12.1,-6.28,2006
Philadelphia Eagles,16,24.9,381.4,61.8,6.2,1.5,0.94,19.5,20.2,34.0,257.4,1.94,0.56,7.2,11.8,26.0,124.0,0.81,4.8,6.63,7.0,61.4,1.06,33.9,11.5,-2.0,2006
New England Patriots,16,24.1,335.6,65.9,5.1,1.69,0.94,20.6,20.4,32.9,212.5,1.56,0.75,6.1,11.3,31.2,123.1,1.25,3.9,7.56,6.13,58.8,1.75,34.4,13.8,-4.77,2006
Cincinnati Bengals,16,23.3,341.4,62.1,5.5,1.5,0.69,19.6,20.4,32.7,239.6,1.75,0.81,6.9,12.5,27.2,101.8,0.88,3.7,5.5,5.75,44.8,1.56,35.6,12.2,-5.59,2006
Jacksonville Jaguars,16,23.2,338.9,61.8,5.5,1.44,0.56,18.3,16.6,27.9,180.1,1.06,0.88,6.1,9.19,32.1,158.8,1.44,5.0,7.94,6.06,50.6,1.19,35.1,11.2,-5.04,2006
St. Louis Rams,16,22.9,360.4,66.6,5.4,1.13,0.63,20.8,23.2,37.0,247.6,1.5,0.5,6.2,13.3,26.5,112.8,0.81,4.3,5.88,7.25,60.0,1.63,37.7,8.7,-3.37,2006
New York Giants,16,22.2,325.9,62.7,5.2,1.75,0.63,19.0,18.8,32.7,191.1,1.5,1.13,5.6,10.2,28.4,134.8,0.88,4.7,7.5,6.31,55.1,1.31,32.6,13.7,-6.8,2006
Baltimore Ravens,16,22.1,317.0,63.6,5.0,1.44,0.56,17.6,20.5,32.8,214.7,1.31,0.88,6.3,11.2,29.8,102.3,0.69,3.4,5.38,6.81,54.9,1.06,31.3,11.5,-10.63,2006
Pittsburgh Steelers,16,22.1,357.8,65.1,5.5,2.31,0.88,20.4,19.5,32.7,233.3,1.44,1.44,6.5,12.6,29.3,124.5,1.0,4.2,6.25,4.31,38.2,1.63,31.4,18.1,-4.77,2006
Seattle Seahawks,16,20.9,311.1,65.3,4.8,2.13,0.75,19.5,18.3,32.0,190.9,1.63,1.38,5.4,10.4,30.3,120.2,0.5,4.0,7.0,5.88,43.8,2.06,29.9,17.3,-12.64,2006
Kansas City Chiefs,16,20.7,321.4,62.8,5.1,1.63,0.88,19.4,17.0,28.1,187.5,1.13,0.75,6.1,11.5,32.1,133.9,1.06,4.2,6.56,4.75,36.1,1.31,32.4,12.6,-5.54,2006
Tennessee Titans,16,20.3,300.6,59.1,5.1,1.63,0.44,16.3,14.1,27.9,162.3,0.81,1.19,5.5,8.31,29.3,138.4,0.94,4.7,6.56,5.88,50.2,1.44,26.7,13.9,-10.53,2006
Denver Broncos,16,19.9,309.4,60.8,5.1,1.88,0.75,17.8,16.0,28.4,174.9,1.25,1.13,5.8,9.44,30.5,134.5,0.75,4.4,6.63,4.19,29.9,1.75,30.7,14.6,-8.7,2006
New York Jets,16,19.8,305.7,63.3,4.8,1.56,0.56,18.1,19.6,30.5,197.1,1.06,1.0,6.0,10.1,30.7,108.6,0.94,3.5,6.19,4.38,35.0,1.81,31.8,13.6,-8.37,2006
Arizona Cardinals,16,19.6,312.5,62.4,5.0,1.88,0.81,18.6,20.1,34.1,228.9,1.06,1.06,6.3,11.7,26.2,83.6,0.75,3.2,5.25,7.31,58.6,1.69,32.2,15.3,-5.98,2006
Washington Redskins,16,19.2,327.7,61.2,5.4,1.06,0.44,18.4,17.1,29.4,189.2,1.19,0.63,6.2,9.38,30.6,138.5,0.81,4.5,7.69,6.63,58.7,1.38,30.2,9.5,-4.16,2006
Detroit Lions,16,19.1,309.3,60.2,5.1,2.44,1.06,18.1,23.3,37.3,238.8,1.31,1.38,5.8,13.0,19.0,70.6,0.56,3.7,3.31,7.25,58.7,1.81,31.9,21.1,-11.71,2006
Green Bay Packers,16,18.8,341.1,67.8,5.0,2.06,0.94,18.8,21.9,39.4,237.2,1.13,1.13,5.8,11.6,26.9,103.9,0.56,3.9,5.81,5.63,43.1,1.44,26.6,16.1,-11.58,2006
Buffalo Bills,16,18.8,266.9,56.1,4.8,1.81,0.94,14.6,16.8,26.9,169.9,1.19,0.88,5.7,8.25,26.3,97.0,0.56,3.7,5.13,5.44,39.3,1.25,27.4,15.1,-10.04,2006
San Francisco 49ers,16,18.6,303.8,57.3,5.3,2.0,1.0,15.2,16.1,27.8,168.0,1.0,1.0,5.6,8.25,27.4,135.8,0.75,5.0,6.06,5.81,51.1,0.88,30.2,15.3,-11.25,2006
Atlanta Falcons,16,18.3,331.9,62.5,5.3,1.25,0.31,17.9,13.9,26.0,148.2,1.31,0.94,5.1,8.31,33.6,183.7,0.56,5.5,8.38,6.0,54.8,1.25,28.8,10.9,-6.26,2006
Minnesota Vikings,16,17.6,308.9,64.1,4.8,2.0,0.75,17.0,20.8,33.8,195.2,0.81,1.25,5.4,10.0,27.6,113.8,0.75,4.1,5.44,7.69,56.4,1.56,23.9,15.7,-12.72,2006
Carolina Panthers,16,16.9,307.7,62.1,5.0,1.69,0.63,17.4,20.3,33.7,204.0,1.19,1.06,5.7,9.88,26.4,103.7,0.44,3.9,6.25,6.44,46.5,1.25,25.4,12.7,-8.01,2006
Houston Texans,16,16.7,278.9,59.7,4.7,1.56,0.75,17.6,20.6,30.1,173.6,0.88,0.81,5.3,9.75,26.9,105.3,0.81,3.9,6.63,5.63,47.6,1.25,27.2,13.6,-7.99,2006
Miami Dolphins,16,16.3,310.0,64.6,4.8,1.56,0.38,17.6,21.4,36.9,205.4,1.0,1.19,5.2,11.3,25.1,104.6,0.44,4.2,5.13,5.63,49.3,1.19,25.8,12.6,-11.45,2006
Cleveland Browns,16,14.9,264.6,58.6,4.5,2.63,1.06,15.6,19.9,32.0,181.1,0.94,1.56,5.1,9.56,23.3,83.4,0.44,3.6,4.5,4.63,42.9,1.56,22.9,21.3,-19.15,2006
Tampa Bay Buccaneers,16,13.2,270.1,60.8,4.4,2.0,0.88,14.8,18.5,33.4,174.9,0.88,1.13,4.9,8.31,25.3,95.2,0.38,3.8,5.13,5.44,45.8,1.38,19.5,16.3,-17.98,2006
Oakland Raiders,16,10.5,246.2,59.3,4.2,2.88,1.38,15.2,16.4,30.2,151.3,0.44,1.5,4.4,9.0,24.6,94.9,0.31,3.9,4.56,6.94,52.9,1.63,16.7,25.0,-22.39,2006
New England Patriots,16,36.8,411.3,66.1,6.2,0.94,0.38,24.6,25.2,36.6,295.7,3.13,0.56,7.8,15.2,28.2,115.6,1.06,4.1,7.75,4.88,43.1,1.63,52.7,7.8,8.36,2007
Dallas Cowboys,16,28.4,365.7,60.9,6.0,1.5,0.31,20.1,21.4,33.2,256.6,2.25,1.19,7.4,13.6,26.2,109.1,0.88,4.2,5.19,6.5,50.9,1.38,41.8,12.6,1.21,2007
Indianapolis Colts,16,28.1,358.7,63.8,5.6,1.19,0.31,22.3,22.2,34.4,252.1,2.0,0.88,7.0,13.3,27.9,106.6,1.19,3.8,7.44,4.19,32.2,1.63,44.6,11.4,3.28,2007
Green Bay Packers,16,27.2,370.7,61.6,6.0,1.5,0.56,19.2,23.9,36.1,270.9,1.88,0.94,7.3,13.1,24.3,99.8,0.81,4.1,4.31,7.06,62.9,1.75,38.9,12.1,-2.59,2007
San Diego Chargers,16,25.8,315.3,61.3,5.1,1.5,0.5,17.4,17.6,29.4,187.8,1.38,1.0,6.1,9.88,30.3,127.4,1.19,4.2,6.5,5.88,47.6,1.0,34.0,12.6,-7.16,2007
Jacksonville Jaguars,16,25.7,357.4,63.9,5.6,1.31,0.81,20.5,18.0,29.3,208.0,1.75,0.5,6.7,11.3,32.6,149.4,1.13,4.6,7.94,4.75,37.1,1.31,39.6,10.1,-0.11,2007
Arizona Cardinals,16,25.3,344.1,63.5,5.4,2.25,0.75,19.3,22.3,36.9,254.1,2.0,1.5,6.6,13.1,25.1,90.0,0.56,3.6,4.38,8.56,70.5,1.75,32.0,18.3,-11.03,2007
Cleveland Browns,16,25.1,351.3,62.8,5.6,1.81,0.56,19.7,19.1,34.1,232.9,1.81,1.25,6.6,12.0,27.5,118.4,0.81,4.3,6.88,7.13,54.3,0.81,35.4,14.6,-7.54,2007
Pittsburgh Steelers,16,24.6,327.4,62.5,5.2,1.38,0.5,18.6,17.6,27.6,191.9,2.13,0.88,6.3,11.2,31.9,135.5,0.56,4.2,6.75,5.0,40.7,0.69,37.7,11.4,-1.19,2007
Seattle Seahawks,16,24.6,348.9,66.0,5.3,1.5,0.69,20.2,23.2,36.9,247.8,1.88,0.81,6.3,13.2,26.9,101.2,0.56,3.8,5.81,3.69,26.8,1.19,33.2,11.4,-6.69,2007
Cincinnati Bengals,16,23.8,348.0,63.0,5.5,1.88,0.63,20.0,23.3,35.9,250.8,1.63,1.25,6.8,13.3,26.0,97.3,0.63,3.7,5.06,5.63,41.9,1.63,37.9,15.3,-3.58,2007
Houston Texans,16,23.7,333.6,60.5,5.5,2.38,1.06,18.4,21.6,33.1,234.4,1.5,1.31,6.8,11.9,26.1,99.1,0.75,3.8,6.0,5.13,39.8,0.56,35.5,20.9,-5.41,2007
New Orleans Saints,16,23.7,361.3,66.3,5.5,1.88,0.75,21.6,27.5,40.8,269.6,1.75,1.13,6.5,14.5,24.5,91.6,0.88,3.7,5.88,4.25,36.3,1.25,31.7,16.1,-3.14,2007
New York Giants,16,23.3,331.4,65.1,5.1,2.13,0.88,20.1,18.9,34.0,197.1,1.44,1.25,5.5,10.4,29.3,134.3,0.94,4.6,7.44,4.81,40.8,2.19,32.3,17.5,-10.24,2007
Minnesota Vikings,16,22.8,336.2,60.3,5.6,1.88,1.0,18.4,15.6,27.0,171.6,0.75,0.88,5.8,8.69,30.9,164.6,1.38,5.3,8.19,5.38,41.4,1.5,28.4,15.3,-3.27,2007
Detroit Lions,16,21.6,322.9,60.3,5.4,2.25,0.88,18.9,23.0,36.7,242.4,1.19,1.38,6.0,12.7,20.3,80.5,0.81,4.0,4.56,6.25,42.3,1.69,32.3,18.5,-7.77,2007
Philadelphia Eagles,16,21.0,358.1,65.4,5.5,1.69,0.75,20.2,21.9,36.1,234.7,1.5,0.94,6.0,11.6,26.3,123.4,0.75,4.7,7.38,5.19,40.6,1.19,34.1,13.2,-2.34,2007
Washington Redskins,16,20.9,333.4,65.8,5.1,1.81,1.13,19.2,19.9,32.8,216.4,1.13,0.69,6.3,12.0,31.1,116.9,0.94,3.8,6.44,5.63,46.9,0.75,32.1,15.0,-12.43,2007
Tampa Bay Buccaneers,16,20.9,326.8,60.9,5.4,1.25,0.75,17.6,19.8,30.6,209.8,1.13,0.5,6.4,10.1,28.1,117.0,0.94,4.2,6.13,5.06,38.4,1.31,33.0,9.7,-9.77,2007
Chicago Bears,16,20.9,293.3,64.7,4.5,2.13,0.81,16.6,20.4,35.6,210.1,1.13,1.31,5.5,10.5,26.4,83.1,0.5,3.1,4.63,6.94,52.4,1.5,27.8,15.1,-12.14,2007
Denver Broncos,16,20.0,346.3,61.0,5.7,1.81,0.88,19.1,20.4,32.2,224.0,1.31,0.94,6.6,11.7,26.8,122.3,0.63,4.6,6.0,5.63,38.1,1.38,32.8,14.7,-4.55,2007
Tennessee Titans,16,18.8,311.7,64.8,4.8,2.13,1.06,19.1,18.0,29.0,179.9,0.56,1.06,5.8,10.7,33.9,131.8,1.06,3.9,7.38,6.31,48.3,1.06,32.3,16.9,-10.79,2007
Oakland Raiders,16,17.7,294.8,62.5,4.7,2.31,1.06,16.7,16.3,28.2,164.4,1.06,1.25,5.3,8.31,31.8,130.4,0.69,4.1,6.94,7.5,54.0,1.44,26.7,17.3,-11.74,2007
Baltimore Ravens,16,17.2,302.0,65.1,4.6,2.5,1.63,18.2,21.3,34.8,189.7,0.81,0.88,5.1,10.9,27.9,112.3,0.69,4.0,6.0,6.69,54.6,1.25,27.4,18.3,-14.45,2007
New York Jets,16,16.8,294.7,63.2,4.7,1.56,0.38,17.9,19.4,32.0,188.4,0.94,1.19,5.3,10.8,27.9,106.3,0.38,3.8,5.75,3.94,30.4,1.31,29.2,14.0,-10.77,2007
Miami Dolphins,16,16.7,287.5,61.8,4.7,1.81,0.81,17.7,19.9,34.9,189.4,0.75,1.0,5.1,10.1,24.3,98.1,0.88,4.0,6.69,5.69,45.8,0.88,26.9,16.0,-9.6,2007
Carolina Panthers,16,16.7,284.9,61.8,4.6,1.81,0.75,15.9,17.8,31.6,170.9,1.19,1.06,5.1,8.88,28.2,114.0,0.44,4.0,5.31,5.94,50.1,1.75,26.5,13.8,-10.84,2007
St. Louis Rams,16,16.4,297.5,64.1,4.6,2.31,0.56,17.6,20.8,35.9,202.1,1.19,1.75,5.2,12.1,25.3,95.4,0.31,3.8,4.06,5.88,49.6,1.44,24.9,18.7,-12.17,2007
Atlanta Falcons,16,16.2,300.8,61.7,4.9,1.5,0.56,15.5,21.0,34.7,205.8,1.13,0.94,5.5,10.1,24.1,95.0,0.44,3.9,4.56,6.56,55.7,0.88,26.3,12.4,-12.47,2007
Buffalo Bills,16,15.8,277.1,57.4,4.8,1.31,0.44,15.5,16.4,27.8,164.6,0.75,0.88,5.6,8.81,28.0,112.5,0.5,4.0,5.69,4.88,39.6,1.0,24.9,11.9,-10.79,2007
Kansas City Chiefs,16,14.1,276.8,62.6,4.4,2.06,0.81,15.9,20.9,35.2,198.8,1.06,1.25,5.1,10.7,23.9,78.0,0.38,3.3,4.13,6.31,43.6,1.13,21.6,15.5,-11.96,2007
San Francisco 49ers,16,13.7,237.3,57.8,4.1,2.13,1.06,13.6,17.1,32.1,145.0,0.94,1.06,4.1,8.75,22.3,92.3,0.5,4.1,4.06,6.06,43.9,0.81,19.7,15.8,-19.77,2007
New Orleans Saints,16,28.9,410.7,65.4,6.3,1.63,0.5,22.1,25.8,39.8,311.1,2.13,1.13,7.7,14.5,24.9,99.6,1.25,4.0,6.44,5.38,49.8,1.19,42.7,14.0,3.24,2008
San Diego Chargers,16,27.4,349.0,57.8,6.0,1.25,0.56,18.8,19.5,29.9,241.1,2.13,0.69,7.7,11.9,26.3,107.9,0.81,4.1,5.75,5.94,46.8,1.13,43.5,10.6,2.37,2008
New York Giants,16,26.7,355.9,63.8,5.6,0.81,0.19,21.1,18.6,30.7,198.6,1.44,0.63,6.1,11.0,31.4,157.4,1.19,5.0,8.13,6.38,51.3,2.0,43.8,7.3,-2.94,2008
Arizona Cardinals,16,26.7,365.8,62.4,5.9,1.88,0.94,20.5,26.1,39.4,292.1,1.94,0.94,7.1,14.4,21.3,73.6,0.88,3.5,4.5,6.69,48.8,1.56,39.3,15.7,-2.68,2008
Green Bay Packers,16,26.2,351.1,63.3,5.6,1.31,0.5,18.7,21.4,33.8,238.3,1.75,0.81,6.6,11.4,27.3,112.8,0.69,4.1,6.19,6.88,61.5,1.13,36.9,11.2,-0.78,2008
Philadelphia Eagles,16,26.0,350.5,66.0,5.3,1.63,0.63,19.9,22.6,37.9,244.4,1.44,1.0,6.2,12.8,26.7,106.1,0.94,4.0,5.88,4.63,39.7,1.25,35.5,11.5,-6.67,2008
Carolina Panthers,16,25.9,349.7,58.6,6.0,1.19,0.44,17.9,15.4,25.9,197.4,0.94,0.75,7.3,9.5,31.5,152.3,1.88,4.8,7.38,5.88,39.8,1.06,38.0,9.9,-2.95,2008
New England Patriots,16,25.6,365.4,68.4,5.3,1.31,0.63,22.3,21.2,33.4,223.1,1.31,0.69,6.1,11.6,32.1,142.4,1.31,4.4,9.06,3.56,31.3,1.56,44.8,11.5,-0.82,2008
New York Jets,16,25.3,331.7,61.3,5.4,1.94,0.5,19.3,21.7,33.1,206.4,1.38,1.44,5.9,11.6,26.4,125.3,1.25,4.7,5.88,4.81,35.6,1.75,37.3,16.9,-4.49,2008
Atlanta Falcons,16,24.4,361.2,63.2,5.7,1.31,0.63,19.6,16.6,27.1,208.5,1.0,0.69,7.4,9.81,35.0,152.7,1.44,4.4,8.19,4.44,36.9,1.56,39.7,10.3,-1.14,2008
Baltimore Ravens,16,24.1,324.0,66.1,4.9,1.31,0.56,18.8,16.3,27.1,175.5,1.0,0.75,6.0,9.19,37.0,148.5,1.25,4.0,8.25,6.44,49.1,1.31,33.0,10.8,-12.26,2008
Minnesota Vikings,16,23.7,330.5,63.4,5.2,1.94,0.88,18.3,16.7,28.3,184.8,1.38,1.06,6.0,9.38,32.4,145.8,0.94,4.5,7.44,5.63,43.3,1.44,34.7,14.7,-6.42,2008
Indianapolis Colts,16,23.6,335.5,60.6,5.5,1.06,0.31,20.1,24.6,36.6,255.9,1.69,0.75,6.8,13.8,23.1,79.6,0.81,3.4,5.0,5.38,38.7,1.31,40.7,10.0,0.87,2008
Chicago Bears,16,23.4,295.9,61.9,4.8,1.69,0.81,16.5,19.0,33.0,191.3,1.25,0.88,5.5,9.56,27.1,104.6,0.94,3.9,6.13,4.88,38.1,0.81,30.5,11.3,-10.37,2008
Tennessee Titans,16,23.4,313.6,60.8,5.2,1.06,0.5,16.8,16.6,28.3,176.2,0.81,0.56,6.1,8.94,31.8,137.4,1.5,4.3,6.75,6.75,53.4,1.06,34.6,8.9,-4.81,2008
Denver Broncos,16,23.1,395.8,63.7,6.2,1.88,0.75,22.1,24.1,38.8,279.4,1.56,1.13,7.1,13.9,24.2,116.4,0.94,4.8,6.44,4.81,46.2,1.75,38.9,17.4,2.52,2008
Houston Texans,16,22.9,382.1,63.7,6.0,2.0,0.75,21.3,22.9,34.7,266.7,1.31,1.25,7.3,13.1,27.0,115.4,1.0,4.3,6.63,5.0,41.5,1.5,38.2,17.3,-4.77,2008
Dallas Cowboys,16,22.6,344.5,61.2,5.6,2.06,0.81,18.2,20.5,34.2,236.8,1.81,1.25,6.6,10.7,25.1,107.7,0.75,4.3,6.38,7.5,59.8,1.13,32.1,16.3,-5.54,2008
Tampa Bay Buccaneers,16,22.6,341.0,65.3,5.2,1.63,0.81,18.6,22.2,35.1,226.2,1.13,0.81,6.1,11.5,28.2,114.8,0.81,4.1,6.25,5.94,52.1,0.88,33.3,12.7,-12.03,2008
Pittsburgh Steelers,16,21.7,311.9,63.4,4.9,1.56,0.63,18.1,18.9,31.6,206.3,1.19,0.94,5.9,11.2,28.8,105.6,1.0,3.7,5.81,5.94,50.8,1.13,32.6,12.6,-12.49,2008
Miami Dolphins,16,21.6,345.6,60.3,5.7,0.81,0.38,19.3,20.6,30.7,227.0,1.25,0.44,7.0,11.5,28.0,118.6,1.13,4.2,6.94,5.06,41.8,0.81,33.9,6.9,-5.88,2008
San Francisco 49ers,16,21.2,311.1,60.1,5.2,2.19,1.0,17.9,19.3,31.8,211.2,1.31,1.19,6.0,11.0,24.8,99.9,0.63,4.0,5.19,6.13,45.8,1.75,33.0,18.4,-8.36,2008
Buffalo Bills,16,21.0,305.1,59.8,5.1,1.88,0.94,17.9,19.3,29.9,190.0,0.88,0.94,5.9,10.4,27.4,115.1,1.0,4.2,6.69,4.44,33.6,0.81,34.1,16.5,-11.1,2008
Jacksonville Jaguars,16,18.9,319.1,62.8,5.1,1.5,0.69,19.5,20.9,33.6,208.3,0.94,0.81,5.8,11.4,26.6,110.9,1.06,4.2,6.69,6.5,50.8,1.38,29.7,12.8,-4.71,2008
Seattle Seahawks,16,18.4,274.1,57.9,4.7,1.69,0.75,16.6,16.4,29.6,163.6,1.13,0.94,5.1,8.88,26.1,110.5,0.63,4.2,6.5,4.94,37.6,1.19,29.5,13.6,-7.85,2008
Kansas City Chiefs,16,18.2,308.7,59.8,5.2,1.5,0.5,17.1,19.4,33.8,195.6,1.44,1.0,5.4,10.1,23.7,113.1,0.56,4.8,5.88,4.88,40.3,1.13,27.0,12.4,-7.74,2008
Detroit Lions,16,16.8,268.3,57.1,4.7,1.81,0.63,14.6,17.6,31.8,185.0,1.13,1.19,5.3,8.94,22.0,83.3,0.63,3.8,4.38,5.5,45.6,1.31,26.2,15.0,-11.29,2008
Washington Redskins,16,16.6,320.0,64.1,5.0,1.13,0.75,18.4,19.9,31.9,189.1,0.88,0.38,5.5,10.3,29.9,130.9,0.75,4.4,6.81,5.19,40.3,1.31,29.2,9.6,-10.85,2008
Oakland Raiders,16,16.4,272.3,57.4,4.7,1.44,0.75,14.1,13.9,26.3,148.1,0.81,0.69,5.2,7.69,28.7,124.2,0.56,4.3,5.44,6.81,51.4,0.94,24.6,11.8,-14.47,2008
St. Louis Rams,16,14.5,287.3,61.4,4.7,1.94,0.75,15.6,18.3,32.5,184.2,0.69,1.19,5.2,8.75,26.1,103.1,0.5,4.0,5.94,6.06,44.9,0.88,26.3,16.3,-14.88,2008
Cleveland Browns,16,14.5,249.1,57.6,4.3,1.63,0.38,14.6,14.9,30.5,148.8,0.69,1.25,4.6,7.94,25.6,100.3,0.38,3.9,5.25,6.25,41.8,1.38,27.3,14.5,-13.62,2008
Cincinnati Bengals,16,12.8,245.4,61.5,4.0,1.63,0.69,15.3,18.9,32.1,150.4,0.69,0.94,4.3,9.06,26.3,95.0,0.38,3.6,5.0,4.69,36.9,1.25,21.0,13.4,-17.07,2008
New Orleans Saints,16,31.9,403.8,64.5,6.3,1.75,1.0,21.8,23.6,34.0,272.2,2.13,0.75,7.7,13.4,29.3,131.6,1.31,4.5,7.19,5.56,49.2,1.13,41.6,13.5,3.8,2009
Minnesota Vikings,16,29.4,379.6,65.9,5.8,1.13,0.69,21.4,23.6,34.6,259.8,2.13,0.44,7.1,13.8,29.2,119.9,1.19,4.1,6.19,6.31,47.3,1.5,42.0,9.0,0.44,2009
Green Bay Packers,16,28.8,379.1,65.1,5.8,1.0,0.5,20.9,22.3,34.6,261.3,1.88,0.5,6.9,12.6,27.4,117.8,1.25,4.3,6.38,7.38,66.1,2.0,40.3,7.9,4.52,2009
San Diego Chargers,16,28.4,360.1,60.8,5.9,1.06,0.44,20.6,21.1,32.4,271.1,1.81,0.63,8.0,13.9,26.7,88.9,1.06,3.3,5.0,4.88,35.6,1.75,45.9,9.4,-0.73,2009
Philadelphia Eagles,16,26.8,357.9,60.9,5.9,1.44,0.63,18.1,20.9,34.6,255.6,1.69,0.81,6.9,11.4,24.0,102.3,0.88,4.3,5.44,7.19,59.4,1.31,38.0,10.4,-3.09,2009
New England Patriots,16,26.7,397.3,67.3,5.9,1.38,0.56,23.3,24.4,37.0,277.3,1.75,0.81,7.3,13.9,29.1,120.1,1.19,4.1,7.13,5.06,46.4,2.31,41.0,12.4,1.43,2009
Indianapolis Colts,16,26.0,363.1,61.3,5.9,1.5,0.31,21.2,25.1,37.6,282.2,2.13,1.19,7.4,15.1,22.9,80.9,1.0,3.5,4.31,4.63,34.1,1.81,37.9,13.2,2.73,2009
New York Giants,16,25.1,366.0,63.6,5.8,1.94,1.06,20.2,21.1,33.9,251.2,1.75,0.88,7.0,12.1,27.7,114.8,0.88,4.1,6.44,5.94,50.1,1.63,37.7,15.3,-2.17,2009
Baltimore Ravens,16,24.4,351.2,63.4,5.5,1.38,0.56,20.0,20.1,31.9,213.7,1.31,0.81,6.3,11.7,29.3,137.5,1.38,4.7,7.19,7.19,68.4,1.13,35.0,10.9,-4.14,2009
Houston Texans,16,24.3,383.1,65.2,5.9,1.75,0.69,21.3,24.9,37.1,290.9,1.81,1.06,7.5,14.4,26.6,92.2,0.81,3.5,5.81,5.94,52.1,1.0,33.7,15.0,-1.79,2009
Arizona Cardinals,16,23.4,344.4,61.6,5.6,2.25,1.13,19.8,24.5,37.1,251.0,1.69,1.13,6.5,13.4,22.8,93.4,1.0,4.1,4.81,6.75,55.4,1.56,30.7,17.1,-7.25,2009
Pittsburgh Steelers,16,23.0,371.3,63.4,5.9,1.56,0.69,20.7,21.9,33.5,259.3,1.75,0.88,7.1,13.1,26.8,112.1,0.63,4.2,6.0,5.31,48.1,1.56,35.5,12.6,-4.34,2009
Atlanta Falcons,16,22.7,340.4,65.5,5.2,1.56,0.5,20.6,20.8,35.6,223.2,1.63,1.06,6.0,12.0,28.2,117.3,0.94,4.2,6.56,4.88,41.5,2.06,35.3,13.5,-4.83,2009
Dallas Cowboys,16,22.6,399.4,63.8,6.3,1.19,0.63,20.9,21.7,34.4,267.9,1.63,0.56,7.3,12.7,27.3,131.4,0.88,4.8,6.88,7.19,55.8,1.38,33.5,9.5,-2.05,2009
Miami Dolphins,16,22.5,337.6,68.0,5.0,1.81,0.63,20.8,20.7,34.1,198.1,0.94,1.19,5.5,11.8,31.8,139.4,1.38,4.4,8.06,4.88,40.0,1.0,34.3,15.5,-5.01,2009
Tennessee Titans,16,22.1,351.4,61.9,5.7,1.94,1.0,18.0,16.9,29.8,189.4,1.0,0.94,6.2,9.63,31.2,162.0,1.19,5.2,7.19,6.13,51.3,1.19,33.2,15.0,-7.07,2009
New York Jets,16,21.8,321.0,64.4,5.0,1.88,0.56,17.5,13.1,24.6,148.8,0.75,1.31,5.6,8.19,37.9,172.3,1.31,4.5,8.25,5.5,42.3,1.06,31.8,15.2,-11.0,2009
San Francisco 49ers,16,20.6,290.8,58.7,5.0,1.5,0.63,14.9,19.5,33.0,190.8,1.44,0.88,5.4,8.56,23.2,100.0,0.75,4.3,4.81,6.13,47.4,1.5,27.6,10.2,-8.57,2009
Chicago Bears,16,20.4,310.3,60.7,5.1,2.13,0.44,16.4,21.3,35.2,217.1,1.69,1.69,5.8,10.6,23.3,93.3,0.38,4.0,4.44,6.25,52.3,1.31,29.5,16.6,-12.93,2009
Denver Broncos,16,20.4,341.4,64.5,5.3,1.44,0.63,19.1,21.3,34.9,226.7,1.31,0.81,6.1,11.6,27.5,114.8,0.56,4.2,5.94,5.81,50.0,1.56,31.7,11.6,-6.96,2009
Carolina Panthers,16,19.7,331.1,63.9,5.2,1.94,0.69,18.1,16.5,29.1,174.9,1.0,1.25,5.6,9.5,32.8,156.1,1.13,4.8,7.69,5.5,43.6,0.88,29.0,15.0,-7.72,2009
Cincinnati Bengals,16,19.1,309.1,63.2,4.9,1.56,0.75,18.4,17.9,29.8,180.6,1.31,0.81,5.7,9.94,31.6,128.5,0.56,4.1,6.81,7.13,53.9,1.69,29.9,13.0,-8.14,2009
Kansas City Chiefs,16,18.4,303.2,63.7,4.8,1.69,0.63,16.0,18.5,33.5,182.6,1.13,1.06,5.0,8.69,27.4,120.6,0.5,4.4,5.69,5.25,41.7,1.63,25.2,12.4,-12.05,2009
Jacksonville Jaguars,16,18.1,336.6,63.1,5.3,1.44,0.81,18.8,19.7,32.4,209.8,0.94,0.63,6.0,10.6,27.9,126.8,1.19,4.5,7.13,4.38,33.9,1.0,29.5,12.5,-5.99,2009
Seattle Seahawks,16,17.5,316.8,65.3,4.9,1.94,0.75,18.6,23.3,38.1,218.9,1.25,1.19,5.4,11.5,24.7,97.9,0.44,4.0,5.0,5.94,52.5,2.06,26.3,15.5,-10.6,2009
Washington Redskins,16,16.6,312.5,60.6,5.2,1.75,0.75,17.5,21.3,33.3,218.1,1.31,1.0,6.0,11.9,24.4,94.4,0.5,3.9,4.5,5.31,42.4,1.06,29.7,13.4,-9.72,2009
Detroit Lions,16,16.4,299.0,64.8,4.6,2.56,0.56,17.6,19.8,36.6,198.0,1.0,2.0,5.0,10.5,25.6,101.0,0.56,4.0,5.13,6.13,48.0,1.94,23.7,20.1,-12.29,2009
Buffalo Bills,16,16.1,273.9,56.9,4.8,1.88,0.69,14.6,16.0,27.6,157.2,1.06,1.19,5.2,7.88,26.5,116.7,0.38,4.4,5.06,6.69,53.4,1.63,27.1,13.8,-12.91,2009
Cleveland Browns,16,15.3,260.2,60.7,4.3,1.94,0.81,14.8,13.7,27.7,129.8,0.69,1.13,4.4,7.38,31.1,130.4,0.63,4.2,6.38,4.81,42.4,1.06,23.3,16.4,-12.96,2009
Tampa Bay Buccaneers,16,15.3,287.5,60.1,4.8,2.13,0.31,15.4,17.4,32.8,185.8,1.13,1.81,5.3,9.25,25.3,101.7,0.31,4.0,5.0,5.81,43.5,1.13,20.1,17.5,-14.19,2009
Oakland Raiders,16,12.3,266.1,59.0,4.5,2.06,0.94,14.6,15.9,30.3,159.8,0.63,1.13,4.8,8.19,25.6,106.3,0.44,4.1,5.06,7.31,57.5,1.38,22.2,16.5,-18.54,2009
St. Louis Rams,16,10.9,279.4,62.4,4.5,2.06,0.75,16.2,19.5,33.9,167.9,0.75,1.31,4.6,9.94,25.7,111.5,0.25,4.3,4.94,6.25,52.1,1.31,19.3,16.6,-15.39,2009
New England Patriots,16,32.4,363.8,61.6,5.9,0.63,0.31,20.9,20.7,31.7,240.4,2.31,0.31,7.2,12.3,28.4,123.3,1.19,4.3,7.44,5.19,47.9,1.25,47.0,5.4,4.6,2010
San Diego Chargers,16,27.6,395.6,64.9,6.1,1.81,1.0,22.3,22.4,34.0,282.4,1.88,0.81,7.8,14.8,28.6,113.1,1.13,4.0,5.88,5.25,42.3,1.69,40.3,14.5,1.72,2010
Philadelphia Eagles,16,27.4,389.4,64.9,6.0,1.56,0.75,20.1,21.8,35.1,244.1,1.75,0.81,6.4,11.8,26.8,145.3,1.13,5.4,7.25,8.06,68.8,1.06,39.8,11.7,-0.69,2010
Indianapolis Colts,16,27.2,380.8,68.0,5.6,1.56,0.5,22.9,28.1,42.4,288.1,2.06,1.06,6.6,15.8,24.6,92.7,0.81,3.8,5.44,4.94,44.3,1.63,40.2,13.4,1.79,2010
Atlanta Falcons,16,25.9,341.1,68.6,5.0,1.06,0.5,22.1,22.6,36.1,222.9,1.75,0.56,5.9,12.5,31.1,118.2,0.88,3.8,6.94,3.63,37.4,2.63,39.3,9.0,-2.47,2010
Oakland Raiders,16,25.6,354.6,64.9,5.5,1.63,0.63,19.1,17.4,30.7,198.8,1.13,1.0,5.9,9.94,31.5,155.9,1.19,4.9,7.06,9.25,79.8,2.13,34.5,11.8,-6.92,2010
Dallas Cowboys,16,24.6,364.3,64.7,5.6,1.88,0.69,20.4,23.7,36.0,252.6,1.81,1.19,6.7,12.6,26.8,111.6,0.63,4.2,6.5,6.81,53.9,1.38,34.6,14.8,-6.76,2010
New York Giants,16,24.6,380.3,64.7,5.9,2.63,1.06,20.7,21.2,33.7,242.8,1.94,1.56,7.0,12.0,30.0,137.5,1.06,4.6,7.0,5.75,48.6,1.69,32.4,20.3,-3.08,2010
Houston Texans,16,24.4,386.6,64.3,6.0,1.13,0.38,22.5,22.8,35.9,259.0,1.5,0.75,6.8,13.9,26.4,127.6,1.25,4.8,7.38,5.63,43.1,1.25,39.7,10.1,3.32,2010
Green Bay Packers,16,24.3,358.1,62.5,5.7,1.38,0.56,19.5,22.0,33.8,257.8,1.94,0.81,7.1,12.8,26.3,100.4,0.69,3.8,5.5,4.88,38.6,1.25,35.0,10.9,-2.86,2010
New Orleans Saints,16,24.0,372.5,66.7,5.6,1.94,0.56,21.9,28.1,41.3,277.6,2.06,1.38,6.5,14.8,23.8,94.9,0.56,4.0,5.88,5.63,55.3,1.31,38.5,16.7,-3.32,2010
Pittsburgh Steelers,16,23.4,345.3,62.1,5.6,1.13,0.56,18.4,18.6,29.9,225.1,1.38,0.56,6.9,10.9,29.4,120.3,0.94,4.1,6.63,6.25,56.4,0.88,36.9,9.5,-8.36,2010
New York Jets,16,22.9,351.0,67.9,5.2,1.31,0.44,19.2,18.0,32.8,202.6,1.25,0.88,5.9,10.7,33.4,148.4,0.88,4.4,7.38,6.44,58.4,1.13,32.2,10.6,-7.68,2010
Kansas City Chiefs,16,22.9,349.7,66.4,5.3,0.88,0.38,19.9,17.1,29.7,185.5,1.69,0.5,5.9,10.4,34.8,164.2,0.81,4.7,8.06,5.63,48.2,1.44,31.3,6.8,-5.87,2010
Detroit Lions,16,22.6,338.9,66.5,5.1,1.56,0.56,19.0,23.9,39.6,238.1,1.63,1.0,5.8,12.4,25.3,100.8,0.69,4.0,5.19,8.5,63.6,1.38,32.1,12.4,-6.59,2010
Baltimore Ravens,16,22.3,322.9,63.6,5.1,1.25,0.63,18.9,19.3,30.7,208.4,1.56,0.63,6.3,10.9,30.4,114.4,0.69,3.8,6.06,5.63,42.1,1.94,32.8,9.5,-4.99,2010
Tennessee Titans,16,22.3,302.1,56.7,5.3,1.81,0.88,15.8,17.1,29.6,194.2,1.5,0.94,6.2,9.69,25.4,107.9,0.81,4.3,4.56,8.0,65.0,1.5,33.2,14.7,-4.48,2010
Jacksonville Jaguars,16,22.1,341.3,63.7,5.4,2.06,0.75,20.6,18.2,29.3,191.6,1.63,1.31,6.0,10.1,32.0,149.7,0.88,4.7,9.25,5.19,42.2,1.31,35.0,16.9,-2.2,2010
Denver Broncos,16,21.5,348.9,63.6,5.5,1.69,0.94,19.3,20.9,36.3,252.4,1.56,0.75,6.5,12.8,24.9,96.5,0.81,3.9,5.06,6.13,59.0,1.5,30.6,11.7,-7.84,2010
Tampa Bay Buccaneers,16,21.3,335.1,59.7,5.6,1.19,0.81,18.0,19.1,30.9,210.1,1.63,0.38,6.4,10.8,26.9,125.1,0.56,4.6,6.06,6.25,52.3,1.19,33.7,9.3,-5.89,2010
Chicago Bears,16,20.9,289.4,58.5,4.9,1.94,0.63,16.4,17.3,29.1,188.4,1.44,1.31,5.8,10.2,25.9,101.0,0.63,3.9,4.75,5.69,48.0,1.5,29.3,15.7,-14.2,2010
Cincinnati Bengals,16,20.1,330.6,65.4,5.1,2.13,0.88,19.8,22.8,36.9,235.4,1.63,1.25,6.1,12.9,26.8,95.1,0.5,3.6,5.31,5.63,45.3,1.63,30.5,16.3,-9.29,2010
Seattle Seahawks,16,19.4,297.8,60.3,4.9,1.94,0.69,16.3,20.3,34.0,208.8,0.88,1.25,5.8,9.94,24.1,89.0,0.81,3.7,5.06,6.31,55.6,1.25,26.5,14.8,-12.32,2010
San Francisco 49ers,16,19.1,313.3,59.1,5.3,1.44,0.5,15.7,17.6,31.3,209.8,1.19,0.94,6.2,9.31,25.1,103.6,0.63,4.1,5.31,7.0,58.3,1.06,26.8,11.1,-5.96,2010
Washington Redskins,16,18.9,335.9,62.6,5.4,1.94,0.75,18.4,21.8,37.8,244.6,1.31,1.19,6.0,12.1,21.9,91.3,0.56,4.2,4.5,5.63,40.4,1.81,26.3,14.6,-8.43,2010
St. Louis Rams,16,18.1,302.9,65.8,4.6,1.31,0.38,18.3,22.1,36.9,204.3,1.13,0.94,5.2,11.2,26.8,98.6,0.56,3.7,5.25,6.38,54.8,1.81,30.2,9.5,-12.74,2010
Arizona Cardinals,16,18.1,269.3,58.2,4.6,2.19,1.0,15.1,17.8,35.1,182.6,0.63,1.19,4.8,9.63,20.0,86.8,0.56,4.3,4.19,6.75,54.4,1.25,23.7,15.8,-13.46,2010
Buffalo Bills,16,17.7,304.9,59.6,5.1,2.44,1.13,16.4,18.5,32.4,197.4,1.5,1.31,5.7,10.4,25.1,107.5,0.38,4.3,5.13,5.13,39.6,0.94,25.3,19.2,-10.88,2010
Minnesota Vikings,16,17.6,314.9,61.4,5.1,2.31,0.69,18.1,19.1,31.6,193.6,0.88,1.63,5.7,9.94,27.6,121.4,1.0,4.4,6.5,6.25,48.1,1.63,24.9,19.0,-7.89,2010
Miami Dolphins,16,17.1,323.1,65.0,5.0,1.94,0.63,18.8,20.9,34.8,220.4,1.06,1.31,5.9,11.8,27.8,102.7,0.5,3.7,5.69,4.5,37.2,1.25,29.7,15.7,-10.88,2010
Cleveland Browns,16,16.9,289.7,57.9,5.0,1.81,0.69,16.6,18.5,29.9,186.8,0.81,1.13,5.8,9.63,25.8,102.9,0.81,4.0,5.44,4.88,42.2,1.5,27.7,15.8,-10.6,2010
Carolina Panthers,16,12.3,258.4,60.1,4.3,2.31,1.0,14.1,16.0,30.3,143.1,0.56,1.31,4.3,7.81,26.8,115.4,0.44,4.3,4.88,6.63,57.4,1.38,20.8,17.8,-17.51,2010
Green Bay Packers,16,35.0,405.1,61.8,6.6,0.88,0.38,22.1,23.5,34.5,307.8,3.19,0.5,8.3,14.4,24.7,97.4,0.75,3.9,5.56,4.75,36.9,2.13,48.3,6.1,5.78,2011
New Orleans Saints,16,34.2,467.1,69.8,6.7,1.19,0.31,26.0,29.5,41.4,334.2,2.88,0.88,7.8,17.5,26.9,132.9,1.0,4.9,7.25,6.19,53.2,1.25,51.4,10.9,10.4,2011
New England Patriots,16,32.1,428.0,67.6,6.3,1.06,0.31,24.9,25.1,38.3,317.8,2.44,0.75,7.9,16.4,27.4,110.3,1.13,4.0,6.69,5.44,50.9,1.88,47.2,8.3,6.19,2011
Detroit Lions,16,29.6,396.1,66.1,6.0,1.44,0.44,21.8,26.4,41.6,300.9,2.56,1.0,6.9,15.3,22.3,95.2,0.56,4.3,4.44,8.0,67.2,2.13,37.6,10.7,2.12,2011
Carolina Panthers,16,25.4,389.8,62.4,6.2,1.44,0.38,21.6,19.5,32.4,239.3,1.31,1.06,6.9,10.9,27.8,150.5,1.63,5.4,8.69,7.06,63.3,1.94,38.5,12.8,2.5,2011
San Diego Chargers,16,25.4,393.1,65.5,6.0,1.75,0.5,22.4,22.9,36.4,276.6,1.69,1.25,7.2,14.6,27.3,116.5,1.0,4.3,6.06,5.69,47.1,1.75,41.3,16.3,-1.9,2011
Atlanta Falcons,16,25.1,376.6,67.1,5.6,1.31,0.5,21.8,22.8,37.1,262.0,1.81,0.81,6.8,13.4,28.3,114.6,0.88,4.0,6.25,5.81,48.1,2.13,37.4,10.7,-1.4,2011
Philadelphia Eagles,16,24.8,399.1,64.8,6.2,2.38,0.81,22.3,20.6,34.6,256.9,1.38,1.56,7.0,12.3,28.1,142.3,1.25,5.1,8.38,6.69,53.3,1.56,34.7,17.9,-2.37,2011
New York Giants,16,24.6,385.1,64.3,6.0,1.5,0.5,20.7,22.4,36.8,295.9,1.81,1.0,7.7,13.5,25.7,89.2,1.06,3.5,5.25,5.88,49.7,1.94,32.5,11.5,-2.86,2011
Houston Texans,16,23.8,372.1,65.4,5.7,1.25,0.69,20.1,18.0,29.2,219.1,1.25,0.56,7.0,11.0,34.1,153.0,1.13,4.5,8.19,6.19,53.3,0.88,37.2,10.5,-3.94,2011
San Francisco 49ers,16,23.8,310.9,62.1,5.0,0.63,0.31,17.6,17.3,28.2,183.1,1.13,0.31,5.9,9.38,31.1,127.8,0.88,4.1,6.31,7.06,63.4,1.94,39.6,5.2,-9.54,2011
Baltimore Ravens,16,23.6,338.7,64.8,5.2,1.5,0.75,19.5,19.6,34.0,213.9,1.31,0.75,5.9,11.3,28.7,124.8,0.94,4.3,6.13,5.75,46.4,2.06,35.5,11.8,-4.56,2011
New York Jets,16,23.6,311.8,64.4,4.8,2.13,1.0,18.8,19.4,34.2,206.1,1.63,1.13,5.6,10.8,27.7,105.8,0.88,3.8,5.75,6.38,53.1,2.25,29.6,13.8,-9.81,2011
Buffalo Bills,16,23.3,351.5,62.0,5.7,1.88,0.31,19.6,22.3,36.1,231.4,1.5,1.56,6.2,11.3,24.4,120.1,0.75,4.9,6.25,5.38,46.4,2.06,31.2,15.9,-6.5,2011
Dallas Cowboys,16,23.1,375.5,63.6,5.9,1.31,0.56,20.4,23.5,35.6,262.6,2.06,0.75,6.9,13.7,25.5,112.9,0.31,4.4,5.69,7.13,51.0,1.06,37.8,11.4,-2.84,2011
Oakland Raiders,16,22.4,379.5,63.4,6.0,1.88,0.44,20.5,19.7,32.8,247.6,1.25,1.44,7.2,11.6,29.1,131.9,1.0,4.5,6.88,10.2,84.9,2.0,34.7,15.5,-9.44,2011
Chicago Bears,16,22.1,314.1,61.1,5.1,1.81,0.56,16.9,16.8,29.6,188.2,1.13,1.25,5.8,9.56,28.5,125.9,0.63,4.4,6.06,6.5,50.0,1.31,28.6,14.6,-12.06,2011
Cincinnati Bengals,16,21.5,319.9,63.4,5.0,1.38,0.5,17.8,19.3,33.4,208.8,1.31,0.88,6.0,10.0,28.4,111.1,0.63,3.9,5.81,6.19,54.6,2.0,32.5,9.6,-6.55,2011
Minnesota Vikings,16,21.3,329.7,62.9,5.2,1.63,0.56,18.6,17.9,31.9,184.8,1.25,1.06,5.3,9.94,28.0,144.9,1.13,5.2,7.38,6.81,56.8,1.25,31.7,13.2,-4.84,2011
Miami Dolphins,16,20.6,317.4,61.9,5.1,1.56,0.75,17.9,17.5,29.3,193.2,1.25,0.81,5.9,10.4,29.3,124.2,0.69,4.2,5.56,5.31,48.7,2.0,32.8,12.8,-7.91,2011
Tennessee Titans,16,20.3,335.1,61.5,5.4,1.38,0.5,17.6,22.1,36.5,245.2,1.38,0.88,6.5,11.6,23.5,89.9,0.5,3.8,4.44,6.5,60.0,1.56,31.4,11.7,-4.83,2011
Pittsburgh Steelers,16,20.3,372.3,63.4,5.9,1.75,0.81,21.3,21.3,33.7,253.4,1.31,0.94,7.0,13.8,27.1,118.9,0.81,4.4,6.0,6.31,53.4,1.5,33.9,16.7,-5.73,2011
Seattle Seahawks,16,20.1,303.8,62.7,4.8,1.44,0.56,16.6,18.7,31.8,194.1,0.94,0.88,5.6,9.56,27.8,109.8,0.94,4.0,5.56,8.63,65.4,1.44,27.8,11.6,-8.59,2011
Arizona Cardinals,16,19.5,324.5,62.1,5.2,2.0,0.56,17.9,19.2,34.4,222.9,1.31,1.44,5.9,10.9,24.3,101.6,0.75,4.2,5.19,6.63,62.8,1.75,26.1,15.6,-6.14,2011
Denver Broncos,16,19.3,316.6,63.6,5.0,1.88,1.06,17.9,13.6,26.8,152.1,1.25,0.81,5.2,8.13,34.1,164.5,0.69,4.8,8.06,6.31,52.7,1.69,24.5,14.2,-9.67,2011
Washington Redskins,16,18.0,336.7,64.5,5.2,2.19,0.69,19.5,21.6,36.9,235.8,1.19,1.5,6.0,12.8,25.0,100.9,0.5,4.0,4.94,5.69,56.1,1.81,30.9,18.6,-12.18,2011
Tampa Bay Buccaneers,16,17.9,319.3,60.4,5.3,2.5,1.0,17.3,22.8,36.8,228.1,1.06,1.5,5.9,11.3,21.6,91.1,0.56,4.2,4.63,7.69,62.9,1.44,28.7,20.4,-11.62,2011
Jacksonville Jaguars,16,15.2,259.3,62.6,4.1,1.44,0.5,15.7,15.0,29.3,136.2,0.75,0.94,4.2,7.63,30.6,123.1,0.56,4.0,6.44,4.81,42.5,1.63,22.7,11.3,-14.33,2011
Indianapolis Colts,16,15.2,286.8,59.4,4.8,1.81,0.94,16.1,18.9,33.4,187.2,0.88,0.88,5.3,10.6,23.9,99.6,0.5,4.2,4.31,4.75,34.3,1.19,24.2,15.6,-9.81,2011
Cleveland Browns,16,13.6,288.8,64.0,4.5,1.19,0.38,17.4,20.0,35.6,193.1,1.0,0.81,5.1,10.8,25.9,95.7,0.25,3.7,4.81,5.94,52.9,1.75,24.4,10.0,-11.26,2011
Kansas City Chiefs,16,13.3,310.8,63.8,4.9,1.75,0.63,17.3,18.7,31.3,192.5,0.81,1.13,5.8,10.2,30.4,118.3,0.31,3.9,5.56,6.88,57.3,1.56,22.2,12.7,-11.59,2011
St. Louis Rams,16,12.1,283.6,63.3,4.5,1.44,0.81,16.7,18.3,34.3,179.4,0.56,0.63,4.8,9.94,25.6,104.2,0.44,4.1,4.94,7.0,56.2,1.81,18.9,11.2,-14.82,2011
New England Patriots,16,34.8,427.9,74.4,5.7,1.0,0.44,27.8,25.1,40.1,291.4,2.13,0.56,7.0,16.0,32.7,136.5,1.56,4.2,9.44,6.06,52.5,2.31,48.1,8.1,7.44,2012
Denver Broncos,16,30.1,397.9,68.1,5.8,1.56,0.88,23.8,25.1,36.8,283.4,2.31,0.69,7.4,14.5,30.1,114.5,0.75,3.8,7.0,6.25,50.3,2.25,39.9,12.2,3.39,2012
New Orleans Saints,16,28.8,410.9,66.7,6.2,1.5,0.31,22.0,26.4,41.9,312.3,2.69,1.19,7.2,16.7,23.1,98.6,0.63,4.3,4.0,6.5,56.9,1.31,37.4,12.1,4.65,2012
Washington Redskins,16,27.3,383.2,62.1,6.2,0.88,0.38,21.3,18.2,27.6,213.9,1.5,0.5,7.2,10.7,32.4,169.3,1.38,5.2,9.0,7.25,61.6,1.63,39.3,7.7,-1.03,2012
Green Bay Packers,16,27.1,359.4,65.1,5.5,1.0,0.5,21.3,23.4,34.9,253.1,2.5,0.5,6.6,13.3,27.1,106.4,0.56,3.9,5.31,6.44,57.7,2.69,37.6,8.1,1.61,2012
New York Giants,16,26.8,355.4,60.5,5.9,1.31,0.38,20.4,20.2,33.7,239.1,1.63,0.94,6.8,11.7,25.6,116.4,1.13,4.6,6.44,4.5,36.1,2.31,43.8,11.9,-0.92,2012
Atlanta Falcons,16,26.2,369.1,63.8,5.8,1.13,0.25,21.4,26.4,38.4,281.8,2.0,0.88,7.0,15.4,23.6,87.3,0.75,3.7,4.38,3.44,25.9,1.63,44.0,10.3,-1.13,2012
Houston Texans,16,26.0,372.1,68.1,5.5,1.06,0.25,21.3,22.1,34.6,239.4,1.38,0.81,6.6,12.8,31.8,132.7,1.19,4.2,7.13,6.75,54.6,1.38,35.6,8.4,-1.25,2012
Seattle Seahawks,16,25.8,350.6,60.9,5.8,1.13,0.5,19.4,16.2,25.3,189.4,1.69,0.63,6.9,9.56,33.5,161.2,1.0,4.8,8.06,6.88,55.6,1.81,39.4,10.0,0.57,2012
Baltimore Ravens,16,24.9,352.5,65.1,5.4,1.0,0.31,19.6,20.9,35.0,233.7,1.38,0.69,6.3,11.4,27.8,118.8,1.06,4.3,6.13,7.56,70.4,2.13,35.8,7.8,1.38,2012
San Francisco 49ers,16,24.8,361.8,60.6,6.0,1.0,0.5,20.1,18.1,27.3,206.1,1.44,0.5,6.9,10.8,30.8,155.7,1.06,5.1,8.0,6.81,60.0,1.38,39.3,7.9,-0.96,2012
Cincinnati Bengals,16,24.4,332.7,63.5,5.2,1.63,0.63,18.3,20.9,33.8,223.6,1.75,1.0,6.1,10.8,26.9,109.1,0.69,4.1,5.94,6.19,53.6,1.5,35.4,12.8,-5.66,2012
Tampa Bay Buccaneers,16,24.3,363.8,63.0,5.8,1.44,0.38,18.8,19.4,35.4,248.9,1.69,1.06,6.7,11.8,26.0,114.8,0.81,4.4,5.56,6.31,51.2,1.5,35.2,10.9,-2.06,2012
Minnesota Vikings,16,23.7,336.6,62.6,5.4,1.44,0.69,19.1,18.8,30.2,171.9,1.13,0.75,5.3,10.2,30.4,164.6,1.0,5.4,7.06,5.63,51.9,1.88,37.9,12.6,-3.74,2012
Dallas Cowboys,16,23.5,374.6,65.6,5.7,1.81,0.63,21.1,27.1,41.1,295.6,1.81,1.19,6.8,14.8,22.2,79.1,0.5,3.6,4.75,7.31,53.3,1.56,36.7,15.0,-2.44,2012
Chicago Bears,16,23.4,310.6,62.4,5.0,1.5,0.5,18.3,17.9,30.3,187.4,1.31,1.0,5.7,10.2,29.4,123.1,0.69,4.2,6.19,6.38,50.7,1.88,30.3,11.8,-7.2,2012
Detroit Lions,16,23.3,408.8,72.5,5.6,2.06,1.0,23.9,27.8,46.3,307.9,1.38,1.06,6.4,17.0,24.4,100.8,1.06,4.1,5.25,6.44,59.0,1.63,36.0,15.2,-3.73,2012
Carolina Panthers,16,22.3,360.7,61.8,5.8,1.38,0.63,20.5,17.8,30.6,230.2,1.19,0.75,7.0,10.7,28.9,130.5,1.31,4.5,7.69,6.13,52.2,2.13,32.6,10.3,0.13,2012
Indianapolis Colts,16,22.3,362.4,69.3,5.2,1.69,0.56,22.5,21.2,39.3,258.0,1.44,1.13,6.2,13.0,27.5,104.4,0.69,3.8,6.88,5.88,50.1,2.63,33.3,13.9,-4.57,2012
San Diego Chargers,16,21.9,297.3,61.8,4.8,1.63,0.69,18.3,21.1,33.0,205.9,1.63,0.94,5.7,11.5,25.7,91.3,0.25,3.6,5.06,6.44,49.8,1.75,30.6,13.9,-7.84,2012
Buffalo Bills,16,21.5,342.9,61.4,5.6,2.13,1.06,18.8,19.3,31.9,204.3,1.5,1.06,6.0,11.0,27.6,138.6,0.75,5.0,6.44,6.5,54.4,1.38,30.0,17.4,-6.27,2012
Pittsburgh Steelers,16,21.0,332.8,63.9,5.2,1.88,1.0,19.2,22.1,35.9,236.7,1.69,0.88,6.2,12.6,25.8,96.1,0.5,3.7,5.0,5.75,58.6,1.56,33.9,15.6,-6.75,2012
Tennessee Titans,16,20.6,313.1,59.8,5.2,1.75,0.75,16.3,19.9,33.8,207.7,1.06,1.0,5.7,10.4,23.6,105.4,0.63,4.5,4.38,6.63,52.9,1.5,27.7,14.9,-6.85,2012
Cleveland Browns,16,18.9,314.3,62.4,5.0,1.63,0.5,17.4,20.5,35.4,214.7,1.0,1.13,5.7,11.6,24.8,99.6,0.75,4.0,4.44,7.06,62.8,1.44,29.8,12.0,-8.73,2012
St. Louis Rams,16,18.7,329.0,62.6,5.3,1.38,0.5,17.9,20.8,34.8,221.9,1.38,0.88,6.0,11.8,25.6,107.1,0.31,4.2,4.94,8.13,61.1,1.19,27.5,11.0,-8.52,2012
Oakland Raiders,16,18.1,344.0,64.5,5.3,1.63,0.63,18.8,23.5,39.3,255.3,1.5,1.0,6.2,12.5,23.5,88.8,0.25,3.8,4.5,6.75,58.7,1.75,31.4,12.8,-7.4,2012
Miami Dolphins,16,18.0,311.5,61.3,5.1,1.63,0.81,18.0,18.3,31.5,198.9,0.81,0.81,5.9,9.88,27.5,112.6,0.94,4.1,5.81,5.13,45.3,2.31,27.4,12.9,-5.54,2012
New York Jets,16,17.6,299.2,64.6,4.6,2.31,1.13,18.7,17.0,30.8,180.7,0.88,1.19,5.4,10.1,30.9,118.5,0.75,3.8,6.38,5.19,44.3,2.19,24.2,17.5,-10.41,2012
Philadelphia Eagles,16,17.5,354.1,67.4,5.3,2.31,1.38,20.8,22.9,38.6,236.9,1.13,0.94,5.7,11.9,25.8,117.1,0.63,4.5,6.94,6.13,50.8,1.94,29.9,17.9,-10.9,2012
Jacksonville Jaguars,16,15.9,299.3,62.1,4.8,1.63,0.56,16.8,20.5,36.6,213.7,1.25,1.06,5.4,9.81,22.4,85.6,0.31,3.8,4.75,6.31,59.7,2.25,25.5,12.8,-12.01,2012
Arizona Cardinals,16,15.6,263.1,63.6,4.1,2.13,0.81,15.4,21.1,38.0,187.8,0.69,1.31,4.5,10.5,22.0,75.3,0.63,3.4,3.63,6.38,53.6,1.25,22.0,14.8,-18.57,2012
Kansas City Chiefs,16,13.2,319.3,63.4,5.0,2.31,1.06,17.9,17.1,29.7,169.6,0.5,1.25,5.3,9.0,31.3,149.7,0.56,4.8,7.38,5.75,45.8,1.5,24.2,18.8,-12.72,2012
Denver Broncos,16,37.9,457.3,72.3,6.3,1.63,1.0,27.2,28.8,42.2,340.3,3.44,0.63,7.8,18.3,28.8,117.1,1.0,4.1,6.69,7.31,62.5,2.19,47.5,10.4,17.3,2013
Chicago Bears,16,27.8,381.8,63.3,6.0,1.44,0.63,21.5,23.3,36.2,267.6,2.0,0.81,7.0,13.4,25.3,114.3,0.81,4.5,6.38,5.31,44.3,1.69,39.0,12.1,4.71,2013
New England Patriots,16,27.8,384.5,71.1,5.4,1.25,0.56,23.6,23.8,39.3,255.4,1.56,0.69,6.1,14.1,29.4,129.1,1.19,4.4,6.88,4.31,39.1,2.69,40.8,10.0,6.28,2013
Philadelphia Eagles,16,27.6,417.3,65.9,6.3,1.19,0.63,22.2,19.4,31.8,256.9,2.0,0.56,7.4,12.3,31.3,160.4,1.19,5.1,8.31,5.94,52.9,1.56,36.8,9.0,8.38,2013
Dallas Cowboys,16,27.4,341.1,59.8,5.7,1.25,0.5,20.3,23.4,36.6,247.1,2.06,0.75,6.4,13.3,21.0,94.0,0.75,4.5,5.0,6.38,54.2,2.0,39.9,9.8,5.56,2013
Cincinnati Bengals,16,26.9,368.2,68.6,5.4,1.88,0.63,20.6,22.8,36.7,258.5,2.06,1.25,6.7,12.8,30.1,109.7,0.88,3.6,6.31,6.38,62.5,1.5,32.3,14.9,2.09,2013
Kansas City Chiefs,16,26.9,337.3,64.3,5.2,1.13,0.63,20.2,20.8,34.1,208.8,1.5,0.5,5.7,11.2,27.6,128.5,1.06,4.7,6.88,6.31,48.4,2.13,32.0,9.1,2.43,2013
Green Bay Packers,16,26.1,400.3,67.1,6.0,1.56,0.56,21.9,22.9,35.6,266.8,1.56,1.0,6.9,12.6,28.7,133.5,1.06,4.7,7.44,5.38,50.1,1.94,40.9,12.4,7.11,2013
Seattle Seahawks,16,26.1,339.0,60.8,5.6,1.19,0.63,19.2,16.7,26.3,202.3,1.69,0.56,7.0,10.0,31.8,136.8,0.88,4.3,7.25,8.0,73.9,1.94,40.7,9.3,3.78,2013
New Orleans Saints,16,25.9,399.4,67.4,5.9,1.19,0.44,22.4,27.9,40.7,307.4,2.44,0.75,7.1,15.3,24.4,92.1,0.63,3.8,5.44,5.94,51.1,1.75,40.3,8.3,10.6,2013
San Francisco 49ers,16,25.4,323.8,60.1,5.4,1.13,0.63,17.9,15.3,26.1,186.2,1.31,0.5,6.5,9.25,31.6,137.6,1.13,4.4,7.19,6.44,52.8,1.44,37.8,9.0,3.63,2013
San Diego Chargers,16,24.8,393.3,66.3,5.9,1.31,0.63,23.3,23.6,34.0,270.5,2.0,0.69,7.5,14.4,30.4,122.8,0.56,4.0,6.5,5.94,47.8,2.44,44.9,11.4,11.6,2013
Detroit Lions,16,24.7,392.1,68.9,5.7,2.13,0.94,21.9,23.2,39.6,280.1,1.81,1.19,6.8,13.8,27.8,112.0,0.94,4.0,6.63,6.88,57.8,1.44,32.1,17.3,1.6,2013
Indianapolis Colts,16,24.4,341.8,63.9,5.3,0.88,0.25,19.9,21.9,36.4,232.8,1.44,0.63,6.1,11.9,25.6,108.9,0.94,4.3,5.5,4.13,36.0,2.44,38.8,6.9,6.13,2013
Minnesota Vikings,16,24.4,344.3,63.3,5.4,2.0,0.81,19.3,20.3,34.1,214.2,1.13,1.19,5.8,10.8,26.4,130.1,1.44,4.9,6.63,4.38,43.4,1.88,34.4,14.9,1.53,2013
Arizona Cardinals,16,23.7,346.4,64.8,5.3,1.94,0.56,20.6,22.7,35.9,250.1,1.5,1.38,6.5,12.8,26.4,96.3,0.75,3.6,5.25,6.0,46.5,2.5,33.0,15.5,-0.36,2013
Pittsburgh Steelers,16,23.7,337.5,63.9,5.3,1.5,0.63,19.5,23.6,36.6,251.1,1.75,0.88,6.4,12.9,24.6,86.4,0.56,3.5,5.06,5.0,42.3,1.5,35.4,12.7,1.68,2013
Carolina Panthers,16,22.9,316.8,62.4,5.1,1.19,0.38,19.9,18.3,29.6,190.2,1.5,0.81,5.9,10.6,30.2,126.6,0.88,4.2,7.63,5.0,41.9,1.75,36.5,9.4,5.65,2013
Tennessee Titans,16,22.6,336.9,64.5,5.2,1.56,0.56,19.4,20.5,33.3,218.5,1.38,1.0,6.1,10.8,28.9,118.4,1.0,4.1,6.44,6.31,56.3,2.25,34.2,11.4,2.91,2013
Atlanta Falcons,16,22.1,343.1,64.0,5.4,1.75,0.69,20.6,27.8,41.2,265.2,1.63,1.06,6.0,14.2,20.1,77.9,0.69,3.9,4.0,5.69,49.3,2.44,34.1,14.5,3.03,2013
St. Louis Rams,16,21.8,304.8,60.5,5.0,1.31,0.63,17.6,18.8,31.6,195.3,1.38,0.69,5.8,10.3,26.6,109.5,0.63,4.1,5.13,7.69,63.1,2.19,31.5,11.4,-0.7,2013
Buffalo Bills,16,21.2,338.1,69.8,4.8,1.69,0.75,18.8,18.7,32.6,193.9,1.0,0.94,5.4,9.31,34.1,144.2,0.94,4.2,7.06,6.88,59.6,2.44,29.9,12.1,-3.69,2013
Washington Redskins,16,20.9,369.7,69.2,5.3,2.13,0.94,20.6,22.2,38.2,234.4,1.25,1.19,5.7,12.4,28.3,135.3,0.88,4.8,7.0,6.19,50.1,1.19,27.6,16.6,-2.67,2013
Oakland Raiders,16,20.1,333.8,62.5,5.3,1.94,0.69,17.2,18.6,32.4,208.8,1.06,1.25,5.9,10.5,27.3,125.0,1.0,4.6,5.63,7.25,57.0,1.06,27.8,14.9,-3.26,2013
Baltimore Ravens,16,20.0,307.4,68.1,4.5,1.81,0.38,18.4,22.7,38.7,224.4,1.19,1.44,5.4,11.8,26.4,83.0,0.44,3.1,4.25,7.0,58.9,2.38,30.9,13.5,-5.96,2013
Miami Dolphins,16,19.8,312.9,62.6,5.0,1.63,0.44,17.4,22.3,37.1,222.9,1.5,1.19,5.5,12.8,21.8,90.0,0.5,4.1,3.81,4.38,37.4,0.75,29.9,13.4,-1.17,2013
Cleveland Browns,16,19.3,338.9,67.4,5.0,1.81,0.56,18.8,23.7,42.6,252.5,1.63,1.25,5.5,12.5,21.8,86.4,0.25,4.0,4.81,6.5,57.5,1.5,26.2,13.8,-5.21,2013
New York Giants,16,18.4,307.5,61.8,5.0,2.75,0.94,17.5,20.3,35.4,224.3,1.13,1.81,5.9,11.0,23.8,83.3,0.69,3.5,4.81,5.69,49.1,1.69,25.5,20.1,-6.68,2013
New York Jets,16,18.1,318.1,63.8,5.0,1.81,0.44,17.5,16.6,30.0,183.3,0.81,1.38,5.6,9.63,30.8,134.9,0.75,4.4,6.56,6.75,52.3,1.31,29.6,14.8,-5.93,2013
Tampa Bay Buccaneers,16,18.0,277.0,61.3,4.5,1.31,0.56,16.8,18.2,32.1,176.3,1.38,0.75,5.0,9.81,26.3,100.8,0.38,3.8,4.69,7.56,71.0,2.31,27.1,9.6,-4.97,2013
Houston Texans,16,17.3,347.3,68.1,5.1,1.94,0.56,19.2,23.2,39.6,238.3,1.19,1.38,5.6,12.4,25.9,108.9,0.44,4.2,5.63,7.0,71.1,1.19,25.9,14.9,-5.32,2013
Jacksonville Jaguars,16,15.4,293.8,63.8,4.6,1.69,0.38,16.9,21.8,37.0,215.1,1.0,1.31,5.4,11.0,23.6,78.8,0.44,3.3,4.44,6.0,49.8,1.5,23.6,13.8,-8.13,2013
Green Bay Packers,16,30.4,386.1,62.6,6.2,0.81,0.44,22.3,21.8,33.5,266.3,2.38,0.38,7.5,13.9,27.2,119.8,0.88,4.4,6.5,5.75,48.4,1.88,46.7,7.1,10.8,2014
Denver Broncos,16,30.1,402.9,66.7,6.0,1.25,0.31,22.5,24.9,37.9,291.3,2.5,0.94,7.5,14.2,27.7,111.6,0.94,4.0,6.13,7.5,65.3,2.19,39.9,9.6,8.78,2014
Philadelphia Eagles,16,29.6,396.8,70.4,5.6,2.25,0.94,22.3,24.0,38.8,272.3,1.69,1.31,6.7,13.6,29.6,124.5,1.0,4.2,6.81,7.19,62.2,1.81,36.9,17.2,2.2,2014
New England Patriots,16,29.3,365.5,67.1,5.5,0.81,0.25,22.6,24.5,38.1,257.6,2.13,0.56,6.5,14.3,27.4,107.9,0.81,3.9,6.0,7.5,67.5,2.31,45.3,7.2,11.3,2014
Dallas Cowboys,16,29.2,383.6,63.4,6.1,1.56,0.88,21.4,20.5,29.8,236.5,2.31,0.69,7.5,12.8,31.8,147.1,1.0,4.6,6.63,6.56,52.4,1.94,43.6,12.8,10.9,2014
Indianapolis Colts,16,28.6,406.6,69.1,5.9,1.94,0.94,23.2,25.6,41.3,305.9,2.63,1.0,7.1,15.7,25.9,100.8,0.56,3.9,5.0,6.56,53.0,2.5,39.5,14.6,5.23,2014
Pittsburgh Steelers,16,27.3,411.1,66.8,6.2,1.31,0.69,23.7,25.7,38.3,301.6,2.06,0.63,7.5,15.2,26.4,109.5,0.63,4.1,6.13,6.44,52.1,2.38,41.4,11.5,9.79,2014
Baltimore Ravens,16,25.6,364.9,63.8,5.7,1.25,0.5,21.6,21.5,34.6,238.7,1.69,0.75,6.7,12.1,28.0,126.2,1.0,4.5,7.06,6.94,54.4,2.38,39.6,9.9,8.45,2014
New Orleans Saints,16,25.1,411.4,68.4,6.0,1.88,0.81,24.7,28.5,41.2,297.8,2.06,1.06,6.9,16.1,25.4,113.6,1.0,4.5,6.31,5.0,41.9,2.25,39.1,16.7,9.47,2014
Seattle Seahawks,16,24.6,375.8,63.8,5.9,0.88,0.44,20.5,17.9,28.4,203.1,1.25,0.44,6.6,10.0,32.8,172.6,1.25,5.3,9.0,8.13,63.1,1.5,40.6,6.9,8.57,2014
Miami Dolphins,16,24.3,350.1,65.0,5.4,1.44,0.69,22.6,24.6,37.2,233.1,1.69,0.75,5.8,14.1,24.9,117.0,0.75,4.7,6.19,5.06,39.7,2.25,37.6,10.5,4.67,2014
Atlanta Falcons,16,23.8,378.2,64.7,5.8,1.44,0.5,20.6,26.1,39.5,284.6,1.75,0.94,6.9,14.6,23.3,93.6,0.69,4.0,4.69,6.06,52.5,1.38,38.9,13.1,3.85,2014
New York Giants,16,23.8,367.2,67.9,5.4,1.75,0.88,21.0,23.9,37.9,267.0,1.88,0.88,6.7,13.6,28.1,100.2,0.81,3.6,5.19,6.31,56.0,2.19,34.7,12.4,2.54,2014
Houston Texans,16,23.3,344.6,66.4,5.2,1.38,0.56,19.6,18.4,30.3,209.5,1.38,0.81,6.6,10.7,34.4,135.1,0.75,3.9,6.75,5.88,52.1,2.13,33.0,11.3,0.81,2014
Cincinnati Bengals,16,22.8,348.0,63.6,5.5,1.63,0.56,19.6,20.2,31.4,213.8,1.25,1.06,6.5,10.3,30.8,134.2,1.19,4.4,7.63,6.38,50.8,1.69,34.0,13.1,0.86,2014
Kansas City Chiefs,16,22.1,318.8,60.1,5.3,1.06,0.69,19.3,20.0,30.8,198.9,1.13,0.38,5.9,11.5,26.3,119.9,1.13,4.6,5.75,5.5,42.6,2.06,35.8,9.2,3.29,2014
San Diego Chargers,16,21.8,341.6,63.1,5.4,1.44,0.31,20.4,23.8,35.9,256.1,1.94,1.13,6.7,13.4,24.9,85.4,0.38,3.4,4.69,6.94,60.4,2.31,33.9,12.6,4.06,2014
Buffalo Bills,16,21.4,318.5,63.8,5.0,1.44,0.63,17.1,22.7,36.2,225.9,1.44,0.81,5.8,11.6,25.1,92.6,0.44,3.7,4.06,7.75,64.4,1.38,32.5,11.2,-2.71,2014
Carolina Panthers,16,21.2,346.7,66.3,5.2,1.44,0.69,21.7,20.4,34.1,219.4,1.44,0.75,6.0,12.4,29.6,127.3,0.63,4.3,7.31,5.19,47.3,1.94,34.8,11.8,2.75,2014
Minnesota Vikings,16,20.3,315.5,61.3,5.1,1.25,0.13,18.0,20.1,32.3,202.8,1.06,1.13,5.7,10.7,25.8,112.8,0.75,4.4,5.63,6.25,52.3,1.69,31.8,10.8,0.41,2014
St. Louis Rams,16,20.3,314.7,59.8,5.3,1.69,0.69,18.0,20.4,32.2,212.5,1.25,1.0,6.0,11.8,24.7,102.2,0.69,4.1,4.94,7.69,71.2,1.25,29.6,14.0,-2.76,2014
Detroit Lions,16,20.1,340.8,65.3,5.2,1.25,0.5,19.4,22.8,37.8,251.9,1.38,0.75,6.2,13.1,24.8,88.9,0.69,3.6,4.5,7.38,61.8,1.75,32.4,9.5,3.16,2014
Chicago Bears,16,19.9,327.1,62.8,5.2,1.81,0.63,20.1,24.8,38.1,237.0,1.88,1.19,5.8,12.1,22.2,90.1,0.5,4.1,5.69,7.06,62.3,2.31,27.8,16.1,-0.74,2014
Arizona Cardinals,16,19.4,319.8,62.1,5.2,1.06,0.31,18.9,20.0,35.5,238.0,1.31,0.75,6.4,11.9,24.8,81.8,0.38,3.3,4.19,5.69,44.2,2.75,30.9,9.4,-0.61,2014
San Francisco 49ers,16,19.1,327.4,63.1,5.2,1.38,0.75,18.9,18.3,30.4,191.4,1.25,0.63,5.7,10.3,29.4,136.0,0.63,4.6,6.5,7.25,58.6,2.13,30.9,11.8,0.86,2014
Washington Redskins,16,18.8,358.6,62.9,5.7,1.94,0.81,19.9,22.8,34.2,252.9,1.13,1.13,6.7,11.6,25.1,105.7,0.94,4.2,5.5,7.5,70.6,2.75,29.7,15.6,0.88,2014
Cleveland Browns,16,18.7,324.6,63.1,5.1,1.44,0.44,18.4,17.1,31.4,216.6,0.75,1.0,6.5,11.2,29.8,108.0,1.06,3.6,5.5,7.25,58.3,1.69,28.0,10.9,-1.32,2014
New York Jets,16,17.7,326.6,65.8,5.0,1.5,0.56,18.1,17.9,31.1,184.1,1.0,0.94,5.4,9.63,31.7,142.5,0.69,4.5,7.0,6.81,58.3,1.44,31.7,11.8,-2.81,2014
Tampa Bay Buccaneers,16,17.3,292.0,58.5,5.0,2.06,0.81,16.4,18.8,33.2,206.1,1.31,1.25,5.7,10.1,22.1,85.9,0.44,3.9,4.5,7.38,58.7,1.81,26.7,17.2,-4.2,2014
Tennessee Titans,16,15.9,303.7,57.4,5.3,1.63,0.63,16.1,18.7,32.1,213.3,1.25,1.0,6.1,9.94,22.3,90.4,0.38,4.1,4.69,6.94,60.1,1.5,23.6,12.6,-5.55,2014
Oakland Raiders,16,15.8,282.2,62.1,4.5,1.81,0.81,15.5,22.8,39.3,204.7,1.38,1.0,5.0,10.8,21.1,77.5,0.25,3.7,3.5,7.25,58.7,1.19,22.7,13.6,-8.72,2014
Jacksonville Jaguars,16,15.6,289.6,61.8,4.7,1.63,0.5,16.9,20.3,34.8,187.6,0.94,1.13,4.8,9.63,22.5,102.1,0.56,4.5,5.38,4.56,35.8,1.94,22.6,12.8,-7.53,2014
Carolina Panthers,16,31.3,366.9,66.3,5.5,1.19,0.56,22.3,18.8,31.3,224.3,2.19,0.63,6.7,12.3,32.9,142.6,1.19,4.3,8.5,6.44,55.4,1.5,42.9,9.6,7.21,2015
Arizona Cardinals,16,30.6,408.3,65.1,6.3,1.5,0.69,23.3,22.1,35.1,288.5,2.19,0.81,7.8,14.8,28.3,119.8,1.0,4.2,5.75,5.88,47.4,2.75,42.5,11.8,9.28,2015
New England Patriots,16,29.1,374.4,65.6,5.7,0.88,0.44,21.8,25.3,39.3,286.7,2.25,0.44,6.9,14.4,23.9,87.8,0.88,3.7,5.44,6.0,53.8,1.94,43.2,5.7,8.63,2015
Seattle Seahawks,16,26.4,378.6,64.7,5.9,1.0,0.5,20.9,20.8,30.6,236.9,2.13,0.5,7.1,11.9,31.3,141.8,0.63,4.5,8.0,7.31,62.9,1.06,42.0,8.6,8.08,2015
Pittsburgh Steelers,16,26.4,395.4,63.2,6.3,1.75,0.44,20.7,24.4,36.9,287.7,1.63,1.31,7.4,12.9,24.3,107.8,1.0,4.4,5.69,5.88,54.3,2.06,40.5,13.7,1.44,2015
New York Giants,16,26.3,372.0,65.8,5.7,1.31,0.44,20.7,24.5,38.9,271.4,2.25,0.88,6.7,13.0,25.2,100.6,0.31,4.0,4.81,6.38,48.6,2.88,38.2,11.3,1.95,2015
Cincinnati Bengals,16,26.2,358.0,62.8,5.7,1.06,0.5,20.3,20.9,31.6,245.2,1.94,0.56,7.3,11.9,29.2,112.8,1.13,3.9,6.19,6.94,57.3,2.13,39.6,9.3,5.16,2015
New Orleans Saints,16,25.5,403.8,68.5,5.9,1.25,0.5,23.8,28.8,41.7,310.6,2.0,0.75,7.1,15.4,24.8,93.2,1.0,3.8,6.13,8.13,69.5,2.25,36.3,10.4,9.17,2015
Kansas City Chiefs,16,25.3,331.2,59.7,5.5,0.94,0.5,18.9,19.4,29.6,203.4,1.25,0.44,6.3,9.69,27.3,127.8,1.19,4.7,7.25,6.5,54.9,2.0,37.9,7.1,2.6,2015
Washington Redskins,16,24.3,353.8,63.2,5.6,1.38,0.69,19.8,24.1,34.7,255.9,1.88,0.69,7.0,13.0,26.8,97.9,0.56,3.7,5.06,6.56,51.8,1.75,36.1,11.1,3.43,2015
New York Jets,16,24.2,370.3,67.1,5.5,1.5,0.5,20.6,22.6,37.8,253.6,2.06,1.0,6.5,13.1,28.0,116.8,0.69,4.2,6.19,6.0,49.2,1.25,35.7,11.6,4.52,2015
Buffalo Bills,16,23.7,360.9,63.5,5.7,1.19,0.63,18.6,18.4,29.1,208.9,1.44,0.56,6.6,9.69,31.8,152.0,1.19,4.8,7.63,8.94,78.1,1.25,34.9,8.6,2.36,2015
Philadelphia Eagles,16,23.6,364.4,68.9,5.3,1.94,0.81,21.2,25.3,38.9,255.4,1.44,1.13,6.2,12.1,27.6,108.9,0.94,3.9,6.88,6.5,51.2,2.25,29.1,15.3,0.07,2015
Jacksonville Jaguars,16,23.5,348.8,63.3,5.5,1.75,0.63,19.6,22.2,37.9,256.8,2.19,1.13,6.2,13.4,22.1,92.1,0.31,4.2,4.31,6.56,55.0,1.81,34.2,14.0,-1.76,2015
Green Bay Packers,16,23.0,334.6,66.0,5.1,1.06,0.56,19.8,21.8,35.8,218.9,1.94,0.5,5.7,10.8,27.3,115.6,0.5,4.2,6.25,6.56,56.6,2.75,33.3,8.9,2.54,2015
Minnesota Vikings,16,22.8,321.2,60.8,5.3,1.06,0.5,18.6,18.4,28.4,183.0,0.88,0.56,5.9,9.56,29.6,138.2,1.13,4.7,7.06,5.5,49.8,1.94,38.4,9.3,1.84,2015
Oakland Raiders,16,22.4,333.5,63.0,5.3,1.5,0.63,18.8,23.3,37.8,242.4,2.13,0.88,6.1,12.1,23.1,91.1,0.44,3.9,4.63,8.69,68.9,2.06,31.8,10.3,0.29,2015
Detroit Lions,16,22.4,346.7,64.4,5.4,1.5,0.63,21.1,26.3,39.5,263.3,2.06,0.88,6.2,14.8,22.1,83.4,0.44,3.8,4.44,6.5,58.1,1.88,34.6,12.3,1.99,2015
Denver Broncos,16,22.2,355.5,66.0,5.4,1.94,0.5,19.6,23.0,37.9,248.1,1.19,1.44,6.2,12.6,25.7,107.4,0.81,4.2,5.31,7.19,66.4,1.75,31.2,15.1,-3.19,2015
Tampa Bay Buccaneers,16,21.4,375.9,63.6,5.9,1.75,0.81,21.0,19.5,33.4,240.8,1.38,0.94,6.9,12.6,28.4,135.1,0.75,4.8,6.19,8.94,74.7,2.25,35.8,14.8,2.54,2015
Atlanta Falcons,16,21.2,374.1,67.1,5.6,1.88,0.81,22.4,25.6,38.8,273.7,1.31,1.06,6.7,14.4,26.3,100.4,0.81,3.8,5.94,6.25,60.6,2.13,34.5,17.2,3.29,2015
Houston Texans,16,21.2,347.8,70.4,4.9,1.25,0.5,20.9,22.4,38.7,239.6,1.81,0.75,5.9,13.1,29.5,108.2,0.44,3.7,5.63,6.69,56.9,2.19,28.9,9.8,-2.38,2015
Chicago Bears,16,20.9,344.6,64.1,5.4,1.31,0.56,19.5,20.9,32.7,228.8,1.31,0.75,6.6,11.1,29.3,115.9,0.81,4.0,6.75,6.19,56.8,1.69,37.4,11.2,0.53,2015
Indianapolis Colts,16,20.8,321.4,65.8,4.9,1.88,0.69,19.4,22.2,38.7,231.5,1.63,1.19,5.6,12.2,24.8,89.9,0.38,3.6,4.81,6.75,58.2,2.44,29.4,14.4,-3.21,2015
Baltimore Ravens,16,20.5,359.3,67.7,5.3,1.75,0.44,20.2,26.6,42.3,266.9,1.31,1.31,6.1,13.2,23.9,92.4,0.5,3.9,5.56,7.63,72.1,1.44,33.3,14.0,-2.95,2015
San Diego Chargers,16,20.0,371.8,68.8,5.4,1.5,0.69,21.5,27.6,41.7,286.9,1.88,0.81,6.5,14.4,24.6,84.9,0.25,3.5,4.94,7.31,58.9,2.19,33.7,12.4,0.67,2015
Miami Dolphins,16,19.4,331.7,61.1,5.4,1.19,0.44,18.2,22.8,36.8,238.2,1.5,0.75,6.0,12.1,21.5,93.5,0.69,4.3,4.5,8.38,68.1,1.56,25.7,9.6,-0.3,2015
Tennessee Titans,16,18.7,311.8,61.0,5.1,2.06,1.0,18.6,21.4,34.4,218.9,1.56,1.06,5.8,12.2,23.2,92.8,0.63,4.0,4.13,5.81,48.7,2.31,25.7,16.2,-5.61,2015
St. Louis Rams,16,17.5,297.6,57.5,5.2,1.38,0.69,15.1,17.1,29.6,175.3,0.69,0.69,5.7,7.88,26.8,122.3,1.0,4.6,5.75,7.63,66.1,1.44,24.5,10.2,-5.48,2015
Cleveland Browns,16,17.4,331.9,65.1,5.1,1.88,1.13,19.2,23.2,38.1,236.4,1.25,0.75,5.7,12.0,23.8,95.6,0.31,4.0,5.06,7.5,67.7,2.13,29.8,15.2,-4.14,2015
Dallas Cowboys,16,17.2,335.1,60.6,5.5,2.06,0.69,19.2,20.9,33.0,216.9,1.0,1.38,6.2,10.9,25.5,118.1,0.5,4.6,5.88,7.0,55.1,2.38,31.4,18.0,-3.25,2015
San Francisco 49ers,16,14.9,303.8,60.6,5.0,1.06,0.31,16.3,20.1,32.9,207.3,1.0,0.75,5.7,9.63,24.4,96.5,0.44,4.0,5.19,7.06,51.4,1.5,25.8,8.2,-2.93,2015
Atlanta Falcons,16,33.8,415.8,62.2,6.7,0.69,0.25,23.7,23.4,33.6,295.3,2.38,0.44,8.2,14.9,26.3,120.5,1.25,4.6,6.75,6.5,53.0,2.0,52.6,6.3,13.3,2016
New Orleans Saints,16,29.3,426.0,69.1,6.2,1.5,0.56,24.7,29.5,42.1,317.1,2.38,0.94,7.2,16.6,25.3,108.9,1.06,4.3,6.56,6.69,60.6,1.56,45.9,12.7,4.8,2016
New England Patriots,16,27.6,386.3,66.0,5.9,0.69,0.56,21.9,23.0,34.4,269.3,2.0,0.13,7.5,12.7,30.1,117.0,1.19,3.9,6.81,5.81,51.2,2.44,42.9,4.9,7.09,2016
Green Bay Packers,16,27.0,368.8,64.3,5.7,1.06,0.56,21.8,25.2,38.8,262.4,2.5,0.5,6.4,13.9,23.4,106.3,0.69,4.5,5.69,6.25,51.7,2.25,43.8,9.1,7.2,2016
Dallas Cowboys,16,26.3,376.7,63.1,6.0,0.94,0.56,22.4,20.3,30.2,226.9,1.56,0.38,7.1,11.9,31.2,149.8,1.5,4.8,8.88,6.56,54.9,1.56,43.9,8.7,5.39,2016
Arizona Cardinals,16,26.1,366.8,67.9,5.4,1.75,0.69,23.0,23.9,40.4,258.5,1.75,1.06,6.0,14.3,24.9,108.3,1.25,4.3,6.06,6.5,55.6,2.63,35.0,14.2,-1.61,2016
Oakland Raiders,16,26.0,373.3,65.5,5.7,0.88,0.44,20.8,23.7,37.3,253.2,1.81,0.44,6.6,12.4,27.1,120.1,1.06,4.4,6.13,9.19,77.9,2.31,38.7,7.2,-1.53,2016
Indianapolis Colts,16,25.7,364.4,64.8,5.6,1.38,0.44,21.9,23.1,36.5,262.6,2.0,0.94,6.7,13.8,25.6,101.8,0.81,4.0,5.81,6.44,55.2,2.38,40.6,12.2,4.26,2016
San Diego Chargers,16,25.6,356.8,63.4,5.6,2.19,0.88,21.3,21.8,36.3,262.4,2.06,1.31,6.8,13.4,24.9,94.4,0.63,3.8,5.63,6.69,48.8,2.25,38.1,18.2,-1.82,2016
Buffalo Bills,16,24.9,354.1,63.3,5.6,0.75,0.31,20.5,17.9,29.6,189.8,1.06,0.44,5.8,9.69,30.8,164.4,1.81,5.3,9.13,7.0,60.0,1.69,36.7,6.8,3.8,2016
Pittsburgh Steelers,16,24.9,372.6,64.1,5.8,1.13,0.19,21.0,23.8,37.3,262.6,2.06,0.94,6.8,13.1,25.6,110.0,0.81,4.3,6.06,7.0,66.8,1.81,38.5,9.9,-1.41,2016
Washington Redskins,16,24.8,403.4,63.1,6.4,1.31,0.56,21.6,25.4,37.9,297.4,1.56,0.75,7.6,14.1,23.7,106.0,1.06,4.5,5.56,6.88,56.8,1.88,43.4,11.4,6.58,2016
Kansas City Chiefs,16,24.3,343.0,61.9,5.5,1.06,0.56,19.1,22.8,34.1,233.8,1.19,0.5,6.5,12.3,25.8,109.3,0.94,4.2,5.38,6.81,53.0,1.38,37.1,9.0,-1.44,2016
Tennessee Titans,16,23.8,358.0,63.0,5.7,1.13,0.44,20.1,19.2,31.5,221.3,1.81,0.69,6.7,10.9,29.8,136.7,1.0,4.6,7.19,6.88,63.3,2.0,36.4,9.8,-0.63,2016
Carolina Panthers,16,23.1,343.7,65.8,5.2,1.81,0.63,19.9,19.1,35.2,230.3,1.31,1.19,6.2,12.1,28.3,113.4,1.0,4.0,6.19,6.13,52.2,1.56,34.7,14.0,-5.08,2016
Philadelphia Eagles,16,22.9,337.4,67.5,5.0,1.25,0.38,20.8,23.8,38.1,224.1,1.0,0.88,5.6,12.0,27.4,113.3,1.0,4.1,7.13,7.06,59.1,1.69,37.6,11.2,-2.83,2016
Miami Dolphins,16,22.7,332.8,57.1,5.8,1.44,0.5,17.4,19.8,29.8,218.8,1.69,0.94,6.9,10.4,25.4,114.0,0.88,4.5,5.63,7.81,71.4,1.31,30.7,11.1,-3.02,2016
Seattle Seahawks,16,22.1,357.2,63.3,5.6,1.13,0.38,19.6,23.0,35.4,257.8,1.44,0.75,6.8,12.7,25.2,99.4,0.81,3.9,5.31,7.31,60.6,1.56,37.3,9.7,-0.72,2016
Tampa Bay Buccaneers,16,22.1,346.4,66.6,5.2,1.69,0.56,21.3,22.2,36.1,245.4,1.81,1.13,6.4,13.8,28.3,101.0,0.5,3.6,5.0,6.81,57.9,2.5,32.4,14.8,-2.08,2016
Detroit Lions,16,21.6,338.8,61.3,5.5,0.94,0.31,20.6,24.3,37.1,256.9,1.5,0.63,6.5,13.6,21.9,81.9,0.56,3.7,4.75,6.25,53.8,2.25,41.0,9.0,1.93,2016
Baltimore Ravens,16,21.4,347.7,67.4,5.2,1.44,0.44,19.8,27.4,42.4,256.3,1.25,1.0,5.8,12.8,22.9,91.4,0.63,4.0,4.94,7.81,69.4,2.0,35.6,10.5,-5.4,2016
Denver Broncos,16,20.8,323.1,63.8,5.1,1.56,0.88,18.1,21.2,35.6,230.3,1.25,0.69,6.0,11.3,25.6,92.8,0.69,3.6,4.75,7.44,61.6,2.06,30.3,11.6,-5.94,2016
Minnesota Vikings,16,20.4,315.1,62.9,5.0,1.0,0.69,18.9,25.9,36.8,239.8,1.25,0.31,6.1,13.1,23.8,75.3,0.56,3.2,4.13,6.44,55.1,1.75,32.8,7.5,-3.81,2016
Cincinnati Bengals,16,20.3,356.9,65.6,5.4,1.06,0.56,21.3,22.8,35.2,246.4,1.13,0.5,6.5,12.8,27.9,110.6,1.06,4.0,6.25,5.5,45.4,2.31,35.8,8.5,1.9,2016
Jacksonville Jaguars,16,19.9,334.9,65.8,5.1,1.81,0.81,20.1,23.1,39.1,233.0,1.5,1.0,5.6,12.9,24.5,101.9,0.5,4.2,4.69,8.06,74.2,2.44,31.4,13.6,-4.22,2016
New York Giants,16,19.4,330.7,63.6,5.2,1.69,0.69,18.1,23.6,37.4,242.4,1.63,1.0,6.3,11.9,24.9,88.3,0.38,3.5,4.56,5.5,53.6,1.63,27.5,13.0,-4.64,2016
San Francisco 49ers,16,19.3,308.1,62.3,4.9,1.56,0.94,17.9,17.9,30.7,181.9,1.31,0.63,5.4,9.5,28.6,126.2,0.94,4.4,7.25,6.19,51.9,1.19,27.4,10.7,-4.73,2016
Houston Texans,16,17.4,314.7,66.9,4.7,1.5,0.5,19.1,21.7,36.4,198.5,0.94,1.0,5.2,10.8,28.5,116.2,0.5,4.1,6.38,5.44,54.3,1.88,31.4,11.4,-6.39,2016
Chicago Bears,16,17.4,356.5,60.4,5.9,1.94,0.75,20.3,21.7,34.9,248.1,1.19,1.19,6.8,13.3,23.8,108.4,0.63,4.6,5.81,6.88,60.4,1.19,27.3,17.4,-4.38,2016
New York Jets,16,17.2,329.3,62.7,5.3,2.13,0.56,18.2,19.4,34.4,216.6,1.0,1.56,5.9,10.4,26.1,112.6,0.63,4.3,6.06,5.81,52.3,1.75,29.7,17.8,-4.98,2016
Cleveland Browns,16,16.5,311.0,61.4,5.1,1.56,0.69,18.5,21.1,35.4,204.0,0.94,0.88,5.2,11.3,21.9,107.0,0.81,4.9,5.19,5.94,46.0,2.0,27.2,13.3,-4.53,2016
Los Angeles Rams,16,14.0,262.7,60.0,4.4,1.81,0.56,15.3,19.5,33.5,184.4,0.88,1.25,5.0,9.44,23.4,78.3,0.56,3.3,4.25,7.88,68.2,1.63,21.8,14.5,-11.9,2016
Los Angeles Rams,16,29.9,361.5,62.5,5.8,1.31,0.88,19.4,20.0,32.4,239.4,1.75,0.44,7.0,11.6,28.4,122.1,1.06,4.3,6.06,6.69,57.6,1.81,45.3,9.5,-2.7,2017
New England Patriots,16,28.6,394.2,66.9,5.9,0.75,0.25,24.3,24.3,36.7,276.1,2.0,0.5,7.1,14.5,28.0,118.1,1.0,4.2,6.69,5.94,52.2,3.13,49.4,6.9,7.18,2017
Philadelphia Eagles,16,28.6,365.8,67.1,5.5,1.25,0.69,21.1,21.3,35.3,233.6,2.38,0.56,6.2,12.1,29.6,132.2,0.56,4.5,6.75,7.25,60.1,2.31,40.3,9.4,1.32,2017
New Orleans Saints,16,28.0,391.2,62.5,6.3,1.13,0.63,20.8,24.1,33.5,261.8,1.44,0.5,7.5,12.6,27.8,129.4,1.44,4.7,6.94,6.56,60.4,1.25,44.6,9.1,0.46,2017
Jacksonville Jaguars,16,26.1,365.9,67.4,5.4,1.44,0.63,20.8,19.8,32.9,224.6,1.31,0.81,6.5,12.1,32.9,141.4,1.13,4.3,6.31,7.0,58.5,2.38,34.7,11.1,-2.25,2017
Kansas City Chiefs,16,25.9,375.4,61.6,6.1,0.69,0.19,20.1,22.7,33.9,256.5,1.63,0.5,7.1,12.4,25.3,118.9,0.75,4.7,5.94,7.38,65.3,1.81,44.9,6.3,-1.41,2017
Detroit Lions,16,25.6,337.8,61.3,5.5,1.38,0.69,18.5,23.4,35.6,261.4,1.81,0.69,6.8,13.1,22.7,76.3,0.63,3.4,3.63,6.5,60.5,1.75,37.3,11.9,-5.86,2017
Pittsburgh Steelers,16,25.4,377.9,65.7,5.8,1.25,0.31,21.8,24.0,36.9,273.8,1.81,0.94,7.1,13.6,27.3,104.2,0.75,3.8,6.0,6.31,56.1,2.19,43.0,10.6,-2.03,2017
Baltimore Ravens,16,24.7,305.4,65.9,4.6,1.06,0.25,19.4,22.7,35.4,189.4,1.25,0.81,5.1,10.5,28.8,116.0,0.88,4.0,6.94,5.69,46.8,2.0,36.5,8.9,-8.25,2017
Minnesota Vikings,16,23.9,356.9,65.9,5.4,0.88,0.38,20.9,22.3,32.9,234.6,1.56,0.5,6.8,12.3,31.3,122.3,0.94,3.9,6.25,6.25,59.3,2.38,38.9,7.6,-3.38,2017
Seattle Seahawks,16,22.9,330.4,62.9,5.2,1.06,0.31,18.7,21.3,34.7,228.6,2.13,0.75,6.1,11.4,25.6,101.8,0.25,4.0,5.31,9.25,83.9,1.94,30.5,8.6,-4.88,2017
Carolina Panthers,16,22.7,323.7,64.1,5.0,1.38,0.38,20.0,18.3,31.3,192.3,1.38,1.0,5.7,10.4,30.6,131.4,0.94,4.3,7.56,5.19,42.6,2.0,37.4,11.7,-6.27,2017
Los Angeles Chargers,16,22.2,376.6,63.8,5.9,0.94,0.25,21.1,22.9,36.4,276.9,1.75,0.69,7.4,13.8,26.2,99.7,0.63,3.8,5.25,6.75,57.9,2.06,33.3,8.5,-1.11,2017
Dallas Cowboys,16,22.1,331.9,62.8,5.3,1.38,0.56,19.6,19.3,30.8,196.3,1.38,0.81,6.0,10.1,30.0,135.6,1.13,4.5,7.94,6.06,58.7,1.56,36.3,11.1,-2.54,2017
Atlanta Falcons,16,22.1,364.8,61.5,5.9,1.13,0.38,20.6,21.4,33.1,249.4,1.31,0.75,7.2,12.5,26.9,115.4,0.75,4.3,6.31,6.38,57.4,1.81,41.2,10.3,-2.88,2017
Washington Redskins,16,21.4,324.9,61.4,5.3,1.69,0.88,17.4,21.7,33.8,234.4,1.69,0.81,6.5,11.9,25.1,90.5,0.63,3.6,4.13,5.75,45.8,1.31,31.9,12.6,-5.97,2017
Houston Texans,16,21.1,320.0,64.2,5.0,1.75,0.69,19.6,18.7,32.8,204.9,1.75,1.06,5.7,11.3,28.0,115.1,0.5,4.1,5.38,7.75,65.6,2.94,29.2,14.6,-4.93,2017
Tampa Bay Buccaneers,16,20.9,363.4,64.7,5.6,1.69,0.81,22.0,23.6,37.8,272.9,1.63,0.88,6.8,15.2,24.4,90.5,0.5,3.7,4.75,6.5,49.7,2.06,33.7,15.4,-3.27,2017
Tennessee Titans,16,20.9,314.0,60.9,5.2,1.56,0.5,18.1,19.1,31.0,199.4,0.88,1.06,6.0,9.81,27.7,114.6,1.13,4.1,6.06,5.31,49.1,2.25,35.1,12.6,-8.39,2017
San Francisco 49ers,16,20.7,349.2,66.1,5.3,1.44,0.5,20.1,22.6,37.9,245.3,0.94,0.94,6.0,12.9,25.5,103.9,0.94,4.1,5.5,7.69,61.8,1.69,37.5,12.0,-10.87,2017
Green Bay Packers,16,20.0,305.7,62.4,4.9,1.56,0.44,19.2,22.0,35.1,197.9,1.56,1.13,5.2,11.0,24.1,107.8,0.81,4.5,6.19,6.0,49.3,2.0,30.5,13.2,-3.86,2017
Buffalo Bills,16,18.9,302.6,63.1,4.8,1.0,0.38,17.4,18.1,29.8,176.6,1.0,0.63,5.4,9.31,30.4,126.1,0.75,4.1,6.56,6.13,54.5,1.5,31.7,8.9,-9.76,2017
Oakland Raiders,16,18.8,324.1,59.5,5.4,1.75,0.88,17.9,21.7,34.9,226.9,1.44,0.88,6.2,11.1,23.1,97.1,0.81,4.2,4.88,7.13,63.1,1.94,29.2,15.2,-5.29,2017
New York Jets,16,18.6,305.3,61.5,5.0,1.5,0.75,16.8,20.2,31.9,198.9,1.19,0.75,5.7,9.81,26.7,106.4,0.81,4.0,4.81,7.44,64.7,2.19,28.6,11.1,-7.49,2017
Arizona Cardinals,16,18.4,314.1,66.3,4.7,1.56,0.44,19.4,21.2,37.4,227.5,1.31,1.13,5.6,12.5,25.6,86.6,0.38,3.4,4.13,6.88,55.0,2.75,29.2,12.4,-11.62,2017
Cincinnati Bengals,16,18.1,280.5,57.9,4.8,1.44,0.69,16.7,19.0,31.9,195.1,1.56,0.75,5.7,10.3,23.6,85.4,0.38,3.6,4.5,6.88,64.2,1.88,26.5,11.4,-6.78,2017
Denver Broncos,16,18.1,324.1,67.2,4.8,2.13,0.75,18.6,20.8,35.4,208.3,1.19,1.38,5.4,11.3,28.6,115.8,0.5,4.1,5.75,7.06,55.3,1.56,26.4,16.6,-10.32,2017
Miami Dolphins,16,17.6,307.7,62.2,4.9,1.81,0.5,17.8,23.3,37.6,220.9,1.5,1.31,5.6,11.7,22.5,86.8,0.25,3.9,4.13,8.56,72.1,1.94,25.8,15.3,-9.76,2017
Chicago Bears,16,16.5,287.4,58.4,4.9,1.38,0.63,16.6,18.2,29.6,175.7,0.81,0.75,5.5,9.0,26.4,111.8,0.81,4.2,5.75,7.19,58.9,1.88,24.1,12.1,-7.2,2017
Indianapolis Colts,16,16.4,284.6,62.1,4.6,0.94,0.38,16.7,17.8,30.4,180.8,0.81,0.56,5.3,9.25,28.2,103.8,0.69,3.7,5.88,5.75,48.7,1.56,29.4,8.3,-11.86,2017
New York Giants,16,15.4,314.3,64.8,4.9,1.38,0.5,16.9,23.3,38.0,217.4,1.25,0.88,5.4,11.1,24.6,96.8,0.38,3.9,4.13,5.69,55.9,1.69,22.7,11.3,-10.47,2017
Cleveland Browns,16,14.6,308.9,63.0,4.9,2.56,0.81,18.1,19.5,35.9,201.8,0.94,1.75,5.2,9.81,24.0,107.1,0.69,4.5,6.06,6.88,57.8,2.25,22.0,21.0,-14.57,2017
Kansas City Chiefs,16,35.3,425.6,62.3,6.8,1.13,0.38,24.0,24.1,36.4,309.7,3.13,0.75,8.1,14.9,24.2,115.9,1.0,4.8,6.75,8.56,72.0,2.31,52.6,10.5,18.6,2018
Los Angeles Rams,16,32.9,421.1,66.3,6.4,1.19,0.44,25.1,23.0,35.5,281.7,2.0,0.75,7.5,14.8,28.7,139.4,1.44,4.9,8.38,6.0,54.9,1.94,48.6,9.8,15.0,2018
New Orleans Saints,16,31.5,379.2,63.1,6.0,1.0,0.56,23.6,23.8,32.4,252.6,2.06,0.44,7.5,13.1,29.4,126.6,1.63,4.3,8.38,5.88,58.7,2.06,51.8,9.5,14.9,2018
New England Patriots,16,27.3,393.4,67.1,5.9,1.13,0.44,22.8,23.6,35.9,266.1,1.81,0.69,7.2,12.9,29.9,127.3,1.13,4.3,8.19,5.81,46.5,1.75,40.8,9.2,11.9,2018
Indianapolis Colts,16,27.1,386.2,66.9,5.8,1.5,0.56,23.2,27.0,40.3,278.8,2.44,0.94,6.7,14.8,25.5,107.4,0.81,4.2,6.0,7.5,59.6,2.38,41.2,13.2,8.78,2018
Seattle Seahawks,16,26.8,353.3,63.3,5.6,0.69,0.25,20.6,17.5,26.7,193.3,2.19,0.44,6.5,9.75,33.4,160.0,0.94,4.8,8.31,6.94,59.9,2.5,39.8,6.1,8.05,2018
Los Angeles Chargers,16,26.8,372.6,59.1,6.3,1.19,0.44,21.1,21.8,32.0,255.6,2.0,0.75,7.5,13.3,24.9,117.1,1.0,4.7,6.25,7.06,60.4,1.56,42.4,10.0,10.6,2018
Pittsburgh Steelers,16,26.8,403.3,66.1,6.1,1.63,0.56,23.6,28.7,43.1,313.0,2.19,1.06,7.0,15.7,21.6,90.3,1.0,4.2,5.5,6.94,64.1,2.44,36.8,14.3,9.76,2018
Chicago Bears,16,26.3,343.9,63.3,5.4,1.5,0.63,20.7,21.5,32.0,222.8,1.75,0.88,6.5,11.1,29.3,121.1,1.0,4.1,6.75,6.06,49.8,2.88,36.8,13.2,6.02,2018
Atlanta Falcons,16,25.9,389.1,63.1,6.2,1.13,0.69,22.0,26.8,38.6,290.8,2.25,0.44,7.1,14.9,21.9,98.3,0.69,4.5,5.25,6.31,56.2,1.88,42.9,10.7,9.69,2018
Houston Texans,16,25.1,362.6,65.0,5.6,1.0,0.44,20.8,21.6,31.6,236.3,1.63,0.56,6.7,12.6,29.5,126.3,0.75,4.3,5.88,6.56,49.2,2.31,40.3,8.1,5.26,2018
Tampa Bay Buccaneers,16,24.8,415.5,65.9,6.3,2.19,0.56,24.3,25.5,39.1,320.3,2.25,1.63,7.7,16.6,24.3,95.2,0.69,3.9,5.0,7.31,60.9,2.69,37.0,19.0,7.57,2018
Baltimore Ravens,16,24.3,374.9,70.9,5.3,1.25,0.69,22.9,20.9,34.8,222.4,1.13,0.56,6.1,11.5,34.2,152.6,1.19,4.5,9.56,7.25,58.8,1.88,40.7,10.7,4.55,2018
Green Bay Packers,16,23.5,369.1,64.1,5.8,0.94,0.69,20.8,24.5,40.0,264.9,1.56,0.25,6.1,13.0,20.8,104.2,0.88,5.0,6.13,6.75,58.6,1.63,38.8,6.7,6.8,2018
Carolina Panthers,16,23.5,373.3,63.2,5.9,1.38,0.38,22.3,23.6,35.2,239.8,1.75,1.0,6.4,13.3,26.0,133.5,1.06,5.1,7.31,5.75,51.1,1.69,37.0,12.1,7.33,2018
New York Giants,16,23.1,356.1,61.5,5.8,1.19,0.44,18.6,23.9,36.4,252.9,1.44,0.75,6.4,13.0,22.1,103.1,0.81,4.7,4.44,7.13,59.4,1.13,38.4,9.6,4.41,2018
Cincinnati Bengals,16,23.0,310.8,58.6,5.3,1.06,0.25,19.0,20.7,33.9,205.6,1.69,0.81,5.7,11.4,22.4,105.1,0.81,4.7,5.75,7.13,59.8,1.88,35.5,9.6,2.97,2018
Philadelphia Eagles,16,22.9,365.3,64.8,5.6,1.44,0.75,21.6,26.4,37.4,267.2,1.81,0.69,6.7,13.8,24.9,98.1,0.75,3.9,5.88,6.25,53.3,1.94,38.1,12.5,5.75,2018
Minnesota Vikings,16,22.5,345.6,62.7,5.5,1.25,0.63,19.4,26.6,37.9,252.3,1.88,0.63,6.2,13.6,22.3,93.3,0.56,4.2,4.13,5.75,48.7,1.63,32.4,10.6,0.47,2018
Cleveland Browns,16,22.4,368.8,63.9,5.8,1.5,0.44,19.6,22.1,35.9,250.4,1.81,1.06,6.5,11.8,25.7,118.3,0.94,4.6,5.81,7.0,55.9,2.0,31.2,11.4,2.31,2018
San Francisco 49ers,16,21.4,360.6,62.7,5.8,2.0,0.75,21.5,20.7,33.3,241.7,1.63,1.25,6.7,12.6,26.4,118.9,0.44,4.5,6.13,7.0,61.4,2.81,37.0,17.1,1.31,2018
Dallas Cowboys,16,21.2,343.8,63.9,5.4,1.06,0.56,20.1,22.3,32.9,221.1,1.38,0.5,6.1,11.5,27.4,122.7,0.81,4.5,7.06,6.5,55.3,1.56,37.9,10.1,5.19,2018
New York Jets,16,20.8,299.2,60.7,4.9,1.88,0.69,16.1,18.7,32.8,197.8,1.13,1.19,5.6,9.81,25.6,101.4,0.69,4.0,5.25,7.13,59.3,1.06,32.0,14.7,-6.09,2018
Denver Broncos,16,20.6,350.1,63.4,5.5,1.31,0.38,20.0,22.9,36.8,230.9,1.19,0.94,5.9,11.3,24.6,119.2,1.13,4.9,6.69,7.81,61.6,2.0,30.6,11.3,1.51,2018
Detroit Lions,16,20.3,327.3,63.7,5.1,1.19,0.44,20.3,23.4,35.9,223.5,1.38,0.75,5.8,12.6,25.3,103.8,0.69,4.1,5.69,5.88,53.3,2.06,35.3,11.0,2.49,2018
Miami Dolphins,16,19.9,289.9,54.9,5.3,1.44,0.63,15.8,18.3,28.4,181.3,1.63,0.81,5.7,9.56,23.2,108.6,0.44,4.7,4.69,6.75,61.1,1.5,28.3,12.5,-2.52,2018
Tennessee Titans,16,19.4,312.6,58.8,5.3,1.13,0.38,18.1,18.3,27.3,185.9,1.0,0.75,6.1,9.75,28.5,126.7,0.94,4.4,6.63,5.13,45.4,1.69,34.9,10.2,0.66,2018
Oakland Raiders,16,18.1,336.2,62.2,5.4,1.5,0.88,18.8,23.9,34.8,234.4,1.19,0.63,6.2,12.3,24.2,101.8,0.56,4.2,5.38,6.88,60.3,1.06,31.3,13.6,-1.12,2018
Washington Redskins,16,17.6,299.7,60.4,5.0,1.19,0.25,17.5,19.4,31.8,188.8,1.0,0.94,5.5,9.75,25.9,110.9,0.75,4.3,6.0,7.19,63.0,1.75,31.8,11.2,-2.13,2018
Buffalo Bills,16,16.8,298.6,63.0,4.7,2.0,0.56,17.7,16.9,31.2,174.6,0.81,1.44,5.2,8.56,29.3,124.0,0.94,4.2,6.75,7.25,62.0,2.38,26.4,15.5,-6.55,2018
Jacksonville Jaguars,16,15.3,302.0,62.8,4.8,1.81,1.0,17.3,20.6,33.5,194.3,0.94,0.81,5.3,10.3,26.0,107.7,0.44,4.1,5.75,7.56,69.5,1.31,25.0,15.6,-6.14,2018
Arizona Cardinals,16,14.1,241.6,56.4,4.3,1.75,0.63,14.9,17.7,30.9,157.7,0.94,1.13,4.6,8.56,22.2,83.9,0.56,3.8,4.75,6.31,49.1,1.63,19.3,15.0,-9.69,2018
Baltimore Ravens,16,33.2,407.6,66.5,6.1,0.94,0.44,24.1,18.1,27.5,201.6,2.31,0.5,6.9,10.7,37.3,206.0,1.31,5.5,11.8,6.81,54.2,1.69,51.8,8.4,15.0,2019
San Francisco 49ers,16,29.9,381.1,63.3,6.0,1.44,0.63,21.0,20.7,29.9,237.0,1.75,0.81,7.4,12.2,31.1,144.1,1.44,4.6,6.88,6.56,58.7,1.94,44.3,12.0,8.77,2019
Tampa Bay Buccaneers,16,28.6,397.9,67.9,5.9,2.56,0.69,22.1,23.9,39.4,302.8,2.06,1.88,7.2,15.3,25.6,95.1,0.94,3.7,5.06,8.31,69.4,1.75,37.9,20.2,2.31,2019
New Orleans Saints,16,28.6,373.9,63.2,5.9,0.5,0.13,21.7,26.1,36.3,265.3,2.25,0.38,7.0,14.4,25.3,108.6,0.75,4.3,6.06,7.5,64.8,1.25,46.2,4.0,10.2,2019
Kansas City Chiefs,16,28.2,379.2,61.0,6.2,0.94,0.63,21.9,23.6,36.0,281.1,1.88,0.31,7.5,13.2,23.4,98.1,1.0,4.2,5.81,6.69,64.3,2.88,48.8,7.9,16.5,2019
Dallas Cowboys,16,27.1,431.5,66.8,6.5,1.13,0.44,23.7,24.3,37.3,296.9,1.88,0.69,7.7,14.3,28.1,134.6,1.13,4.8,7.5,6.81,63.0,1.88,44.6,10.3,13.2,2019
New England Patriots,16,26.3,354.0,68.4,5.2,0.94,0.38,21.1,23.6,38.8,247.6,1.56,0.56,6.1,12.3,27.9,106.4,1.06,3.8,6.88,5.88,51.8,1.94,36.3,7.4,2.16,2019
Minnesota Vikings,16,25.4,353.5,60.6,5.8,1.25,0.75,19.6,19.9,29.1,220.2,1.63,0.5,7.1,10.7,29.8,133.3,1.19,4.5,6.63,6.0,55.9,2.31,41.6,10.4,6.13,2019
Seattle Seahawks,16,25.3,374.4,65.4,5.7,1.25,0.88,21.3,21.3,32.3,236.9,1.94,0.38,6.7,11.9,30.1,137.5,0.94,4.6,7.56,6.81,55.1,1.88,36.5,10.6,5.41,2019
Tennessee Titans,16,25.1,362.8,59.3,6.1,1.06,0.56,19.8,18.6,28.0,223.9,1.81,0.5,7.1,11.1,27.8,138.9,1.31,5.0,6.5,6.19,58.3,2.25,31.4,8.6,7.24,2019
Los Angeles Rams,16,24.6,374.9,65.9,5.7,1.5,0.44,21.4,24.8,39.5,281.2,1.38,1.06,6.9,13.9,25.1,93.7,1.25,3.7,5.75,7.38,56.2,1.75,35.7,13.0,2.32,2019
Philadelphia Eagles,16,24.1,360.8,69.0,5.2,1.44,0.94,22.1,24.4,38.3,239.6,1.69,0.5,5.9,13.4,28.4,121.2,1.0,4.3,6.5,6.25,52.3,2.19,34.8,10.7,3.74,2019
Atlanta Falcons,16,23.8,379.7,68.5,5.5,1.56,0.63,23.9,28.7,42.8,294.6,1.81,0.94,6.4,16.1,22.6,85.1,0.63,3.8,5.25,7.44,59.8,2.56,40.8,13.2,5.97,2019
Houston Texans,16,23.6,362.0,63.6,5.7,1.38,0.5,21.6,22.2,33.4,236.4,1.69,0.88,6.5,12.7,27.1,125.6,1.06,4.6,7.0,6.94,55.8,1.94,37.9,12.4,7.42,2019
Green Bay Packers,16,23.5,345.5,63.8,5.4,0.81,0.56,20.0,22.3,35.8,233.3,1.63,0.25,6.1,11.9,25.7,112.2,1.13,4.4,5.63,6.25,48.4,2.5,37.3,6.8,7.09,2019
Arizona Cardinals,16,22.6,341.7,62.5,5.5,1.13,0.38,19.6,22.2,34.6,217.3,1.25,0.75,5.8,11.0,24.8,124.4,1.13,5.0,6.81,7.56,59.8,1.81,38.8,10.1,4.02,2019
Indianapolis Colts,16,22.6,327.4,63.5,5.2,1.31,0.69,21.3,19.2,32.1,194.3,1.38,0.63,5.7,10.3,29.4,133.1,1.06,4.5,8.19,4.94,41.9,2.75,36.3,11.3,4.67,2019
Detroit Lions,16,21.3,346.8,63.8,5.4,1.44,0.5,19.6,21.5,35.7,243.8,1.75,0.94,6.4,12.3,25.4,103.1,0.44,4.1,5.13,7.06,58.6,2.19,33.3,12.0,1.94,2019
New York Giants,16,21.3,338.5,63.3,5.4,2.06,1.0,19.4,23.5,37.9,233.2,1.88,1.06,5.7,11.7,22.6,105.3,0.69,4.7,5.56,5.63,49.0,2.19,28.6,17.8,-0.64,2019
Carolina Panthers,16,21.3,341.8,67.3,5.1,2.19,0.88,20.9,23.9,39.6,228.1,1.06,1.31,5.3,14.4,24.1,113.7,1.25,4.7,5.13,5.44,47.1,1.44,32.3,16.7,-1.75,2019
Los Angeles Chargers,16,21.1,367.4,62.3,5.9,1.94,0.69,21.8,24.6,37.3,276.6,1.5,1.25,7.0,13.8,22.9,90.8,0.75,4.0,5.63,6.44,54.5,2.44,38.8,18.1,5.15,2019
Cleveland Browns,16,20.9,340.9,60.8,5.6,1.75,0.44,19.1,19.9,33.7,222.1,1.38,1.31,6.1,11.3,24.6,118.8,0.94,4.8,5.63,7.63,69.1,2.19,33.9,14.8,0.85,2019
Buffalo Bills,16,19.6,330.2,63.6,5.2,1.19,0.44,19.6,18.7,32.1,201.8,1.31,0.75,5.8,10.1,29.1,128.4,0.81,4.4,7.5,7.31,57.9,2.0,30.1,10.2,0.42,2019
Oakland Raiders,16,19.6,363.7,61.8,5.9,1.06,0.56,19.7,22.9,32.7,245.4,1.38,0.5,7.1,12.1,27.3,118.3,0.81,4.3,6.5,8.0,71.1,1.06,32.7,9.7,4.97,2019
Miami Dolphins,16,19.1,310.0,63.9,4.9,1.63,0.5,19.7,23.2,38.4,237.8,1.38,1.13,5.7,13.1,21.8,72.3,0.63,3.3,4.0,5.75,48.1,2.56,30.2,13.7,-1.8,2019
Jacksonville Jaguars,16,18.8,341.8,63.8,5.4,1.25,0.75,18.6,22.8,36.8,235.0,1.5,0.5,6.0,11.4,24.3,106.8,0.19,4.4,5.31,8.25,72.8,1.88,33.9,10.2,-1.45,2019
Pittsburgh Steelers,16,18.1,276.8,58.6,4.7,1.88,0.69,16.6,19.7,31.9,186.3,1.13,1.19,5.5,9.19,24.7,90.4,0.44,3.7,4.69,6.94,55.8,2.69,28.9,16.0,-5.35,2019
Denver Broncos,16,17.6,298.6,59.6,5.0,1.0,0.38,17.4,19.5,31.5,194.7,1.0,0.63,5.7,10.1,25.6,103.9,0.69,4.1,4.81,6.88,57.0,2.5,32.4,9.2,-0.91,2019
Chicago Bears,16,17.5,296.8,63.8,4.7,1.19,0.44,18.6,23.2,36.3,205.7,1.25,0.75,5.3,11.1,24.7,91.1,0.5,3.7,5.31,6.44,52.4,2.13,29.1,10.3,-2.57,2019
Cincinnati Bengals,16,17.4,323.1,65.6,4.9,1.88,0.88,19.5,22.3,38.5,228.3,1.13,1.0,5.5,11.9,24.1,94.8,0.56,3.9,5.31,5.81,47.6,2.25,29.8,15.5,-3.8,2019
New York Jets,16,17.3,273.0,59.8,4.6,1.56,0.56,15.8,20.2,32.6,194.4,1.19,1.0,5.4,10.1,23.9,78.6,0.38,3.3,3.81,7.19,69.1,1.88,23.3,11.6,-7.06,2019
Washington Redskins,16,16.6,274.7,55.3,5.0,1.31,0.5,15.5,18.6,29.9,175.8,1.13,0.81,5.3,9.63,22.3,98.9,0.56,4.4,4.63,6.63,52.2,1.25,29.5,11.9,-5.52,2019
Green Bay Packers,16,31.8,389.0,61.9,6.3,0.69,0.38,22.4,23.3,32.9,256.6,3.0,0.31,7.5,13.5,27.7,132.4,1.0,4.8,7.13,5.25,42.8,1.75,49.7,5.6,18.2,2020
Buffalo Bills,16,31.3,396.4,64.6,6.1,1.38,0.69,24.8,25.6,37.3,288.8,2.5,0.69,7.4,15.0,25.7,107.7,1.0,4.2,7.44,6.38,58.8,2.38,49.4,11.8,14.3,2020
Tampa Bay Buccaneers,16,30.8,384.1,63.6,6.0,1.06,0.31,22.8,25.6,39.1,289.1,2.63,0.75,7.1,14.9,23.1,94.9,1.0,4.1,5.13,5.25,44.7,2.75,47.8,8.9,15.4,2020
Tennessee Titans,16,30.7,396.4,64.4,6.2,0.75,0.31,23.8,19.8,30.3,228.3,2.06,0.44,7.2,12.7,32.6,168.1,1.63,5.2,8.88,5.38,48.9,2.25,47.9,7.2,15.3,2020
New Orleans Saints,16,30.1,376.4,65.3,5.8,1.06,0.56,22.9,23.1,32.6,234.9,1.75,0.5,6.8,12.4,30.9,141.6,1.88,4.6,9.19,6.13,62.8,1.31,45.5,9.0,11.1,2020
Kansas City Chiefs,16,29.6,415.8,66.1,6.3,1.0,0.56,24.8,26.3,39.4,303.4,2.5,0.44,7.4,15.9,25.2,112.4,0.81,4.5,6.88,6.56,57.4,2.0,47.9,9.2,17.6,2020
Baltimore Ravens,16,29.3,363.1,62.1,5.9,1.13,0.44,20.4,16.1,25.4,171.2,1.69,0.69,6.3,8.88,34.7,191.9,1.5,5.5,10.4,6.5,60.1,1.19,45.3,10.6,9.27,2020
Seattle Seahawks,16,28.7,369.5,63.9,5.8,1.13,0.31,22.3,24.3,35.2,246.3,2.5,0.81,6.5,13.5,25.7,123.2,0.94,4.8,6.94,5.25,41.4,1.81,44.4,10.1,8.08,2020
Indianapolis Colts,16,28.2,378.1,64.5,5.9,0.94,0.25,22.8,23.2,34.5,253.3,1.5,0.69,7.1,12.6,28.7,124.8,1.25,4.3,8.06,5.88,56.2,2.13,44.4,8.8,10.5,2020
Las Vegas Raiders,16,27.1,383.3,64.8,5.9,1.63,1.0,22.4,23.1,34.4,263.6,1.75,0.63,7.3,12.9,28.6,119.8,1.25,4.2,7.56,6.13,53.5,2.0,47.9,14.8,9.23,2020
Minnesota Vikings,16,26.9,393.3,63.9,6.2,1.44,0.63,23.9,21.8,32.3,250.6,2.19,0.81,7.2,13.3,29.3,142.7,1.25,4.9,8.69,5.13,40.6,2.0,39.8,12.5,9.86,2020
Pittsburgh Steelers,16,26.0,334.6,65.2,5.1,1.13,0.44,20.1,26.8,41.0,250.2,2.19,0.69,6.0,12.9,23.3,84.4,0.75,3.6,5.06,5.06,43.2,2.19,37.2,8.5,4.89,2020
Arizona Cardinals,16,25.6,384.6,67.7,5.7,1.31,0.5,23.8,24.2,35.9,244.8,1.69,0.81,6.5,13.2,29.9,139.8,1.38,4.7,8.5,7.06,54.3,2.13,40.2,11.7,6.48,2020
Cleveland Browns,16,25.5,369.6,63.9,5.8,1.0,0.5,22.2,19.7,31.3,221.2,1.69,0.5,6.7,12.2,30.9,148.4,1.31,4.8,8.31,6.25,54.4,1.69,40.6,9.7,9.97,2020
Miami Dolphins,16,25.3,339.0,63.8,5.3,1.25,0.44,21.6,23.1,34.9,233.5,1.5,0.81,6.3,12.9,26.8,105.5,0.94,3.9,6.25,4.63,39.7,2.38,41.4,11.0,3.87,2020
Atlanta Falcons,16,24.8,368.4,67.4,5.5,1.13,0.44,22.9,25.5,39.3,272.7,1.69,0.69,6.5,15.2,25.6,95.8,0.81,3.7,5.38,5.19,46.0,2.31,44.8,10.3,8.11,2020
Dallas Cowboys,16,24.7,371.8,69.6,5.3,1.63,0.81,23.2,25.8,39.9,260.1,1.56,0.81,6.1,14.4,26.9,111.8,0.88,4.2,7.19,6.0,53.1,1.56,40.6,14.4,3.69,2020
Houston Texans,16,24.0,375.3,58.8,6.4,1.13,0.69,20.4,23.9,34.1,283.6,2.06,0.44,7.6,13.9,21.5,91.6,0.63,4.3,5.19,5.0,38.7,1.31,42.9,9.8,8.76,2020
Los Angeles Chargers,16,24.0,382.1,70.4,5.4,1.0,0.38,23.3,25.8,39.2,270.6,1.94,0.63,6.5,14.1,29.1,111.5,0.75,3.8,6.94,5.31,44.4,2.25,38.3,8.6,8.1,2020
Detroit Lions,16,23.6,350.2,61.9,5.7,1.31,0.5,21.9,23.4,36.4,256.5,1.69,0.81,6.6,13.8,22.9,93.7,1.06,4.1,5.81,5.94,53.8,2.31,38.5,11.2,5.92,2020
